{"type":"FeatureCollection","features":[{"type":"Feature","properties":{"id":"admiralteysky","name":"Адмиралтейский район","osm_relation_id":1114193},"geometry":{"type":"Polygon","coordinates":[[[30.297891,59.896031],[30.300188,59.89613],[30.301705,59.896158],[30.302607,59.896186],[30.30397,59.896206],[30.304917,59.89622],[30.305473,59.896226],[30.306081,59.896236],[30.309844,59.89629],[30.310201,59.89629],[30.310397,59.896286],[30.310545,59.896268],[30.310937,59.896273],[30.311766,59.896317],[30.312257,59.896345],[30.313597,59.89636],[30.313797,59.896344],[30.314142,59.896351],[30.314799,59.89637],[30.31551,59.896385],[30.316609,59.896395],[30.318048,59.896412],[30.319176,59.896425],[30.318818,59.902387],[30.318658,59.902762],[30.318402,59.908195],[30.318396,59.908509],[30.318405,59.908638],[30.319501,59.908642],[30.320132,59.908696],[30.320675,59.908766],[30.320865,59.908801],[30.321053,59.908846],[30.321464,59.908975],[30.321927,59.909145],[30.325153,59.910333],[30.332576,59.913051],[30.333521,59.913375],[30.339412,59.915524],[30.340081,59.915743],[30.340133,59.916108],[30.340712,59.916359],[30.340973,59.916467],[30.341704,59.916729],[30.342176,59.916905],[30.342499,59.917029],[30.342678,59.917093],[30.341783,59.917828],[30.341301,59.918235],[30.340808,59.91865],[30.339669,59.919586],[30.339379,59.91978],[30.339253,59.919874],[30.338945,59.920126],[30.338484,59.920501],[30.33809,59.920826],[30.337795,59.921061],[30.337194,59.921555],[30.337112,59.921625],[30.336472,59.92216],[30.336162,59.922425],[30.336107,59.922464],[30.335231,59.923316],[30.335786,59.923537],[30.330453,59.926074],[30.330019,59.926299],[30.32703,59.925151],[30.321871,59.928599],[30.318983,59.93053],[30.317818,59.93131],[30.315311,59.932995],[30.311861,59.935301],[30.310129,59.936465],[30.310219,59.936553],[30.312391,59.937388],[30.312416,59.937458],[30.312633,59.937948],[30.312638,59.938009],[30.312629,59.938061],[30.312589,59.938145],[30.31252,59.938218],[30.312431,59.93829],[30.309989,59.939888],[30.309079,59.940512],[30.308274,59.941057],[30.298391,59.937494],[30.285014,59.93382],[30.277387,59.932027],[30.272459,59.928735],[30.269037,59.922587],[30.265311,59.918831],[30.262445,59.917395],[30.262117,59.917355],[30.260493,59.91726],[30.261523,59.916957],[30.262066,59.916436],[30.262152,59.915841],[30.262201,59.913674],[30.261913,59.912359],[30.260905,59.910755],[30.259941,59.909349],[30.257642,59.906888],[30.257541,59.906785],[30.255385,59.904136],[30.253513,59.902684],[30.250278,59.901319],[30.250229,59.901291],[30.251123,59.90103],[30.252996,59.900407],[30.253645,59.900223],[30.254016,59.90017],[30.254503,59.9003],[30.255021,59.900442],[30.255628,59.900556],[30.256151,59.900572],[30.257005,59.900495],[30.257573,59.900396],[30.261149,59.899864],[30.2621,59.899891],[30.262968,59.900082],[30.264612,59.900571],[30.265054,59.90096],[30.265708,59.901819],[30.26615,59.901956],[30.266683,59.901964],[30.26767,59.902012],[30.268127,59.902092],[30.268612,59.9022],[30.268976,59.902311],[30.269096,59.902409],[30.269548,59.902335],[30.269637,59.902316],[30.271069,59.902035],[30.271933,59.901866],[30.272868,59.901681],[30.272967,59.901736],[30.27309,59.901777],[30.27324,59.901802],[30.27339,59.901803],[30.273527,59.901787],[30.273596,59.901772],[30.27372,59.901727],[30.273807,59.901667],[30.273872,59.901584],[30.273878,59.901506],[30.274107,59.901496],[30.274297,59.901499],[30.274476,59.901528],[30.274583,59.901563],[30.275829,59.901114],[30.276341,59.90136],[30.276802,59.901631],[30.276775,59.901645],[30.277102,59.901846],[30.277462,59.902096],[30.277636,59.902273],[30.279635,59.903356],[30.280015,59.903559],[30.280182,59.903593],[30.280355,59.903637],[30.280708,59.903748],[30.280914,59.903797],[30.281158,59.903841],[30.281401,59.903876],[30.281915,59.903924],[30.282125,59.903935],[30.283617,59.903804],[30.284581,59.903711],[30.286638,59.903547],[30.289087,59.903302],[30.289908,59.903243],[30.289913,59.903178],[30.290591,59.90314],[30.290898,59.90311],[30.291129,59.90313],[30.292048,59.903078],[30.292764,59.902963],[30.29309,59.902895],[30.293124,59.902925],[30.293454,59.902865],[30.293935,59.902771],[30.294201,59.902732],[30.294228,59.902801],[30.294692,59.902755],[30.29473,59.902748],[30.294766,59.90267],[30.294761,59.902521],[30.294967,59.902569],[30.29504,59.902502],[30.295407,59.902603],[30.2957,59.90232],[30.295659,59.902308],[30.295641,59.902244],[30.295505,59.902204],[30.29557,59.902143],[30.295474,59.902116],[30.295721,59.901893],[30.29579,59.901864],[30.295844,59.901799],[30.296286,59.901892],[30.296604,59.901988],[30.296669,59.90199],[30.296736,59.901958],[30.29688,59.901937],[30.296899,59.901908],[30.29694,59.901701],[30.297006,59.900948],[30.297034,59.900948],[30.297055,59.900557],[30.297029,59.900367],[30.297009,59.900286],[30.296956,59.900265],[30.296799,59.899972],[30.296646,59.899694],[30.296562,59.89951],[30.296492,59.899334],[30.29647,59.899242],[30.296484,59.899159],[30.296384,59.89916],[30.296325,59.898974],[30.296322,59.898904],[30.296292,59.898849],[30.296126,59.898634],[30.295773,59.898077],[30.295603,59.897819],[30.295265,59.897228],[30.295314,59.897181],[30.295179,59.896939],[30.295066,59.896774],[30.294975,59.896565],[30.295114,59.896545],[30.294978,59.896295],[30.294781,59.896123],[30.297891,59.896031]]]}},{"type":"Feature","properties":{"id":"vasileostrovsky","name":"Василеостровский район","osm_relation_id":1114252},"geometry":{"type":"Polygon","coordinates":[[[30.260493,59.91726],[30.262117,59.917355],[30.262445,59.917395],[30.265311,59.918831],[30.269037,59.922587],[30.272459,59.928735],[30.277387,59.932027],[30.285014,59.93382],[30.298391,59.937494],[30.308274,59.941057],[30.30989,59.941638],[30.316861,59.945656],[30.293856,59.946672],[30.29227,59.947146],[30.285706,59.949104],[30.285037,59.949319],[30.277611,59.951528],[30.268407,59.954876],[30.266224,59.956277],[30.263799,59.956973],[30.255275,59.958255],[30.233883,59.962411],[30.232748,59.961557],[30.232342,59.961673],[30.232091,59.96173],[30.231627,59.961814],[30.23101,59.961905],[30.230786,59.961916],[30.229859,59.962055],[30.218257,59.963936],[30.215249,59.964286],[30.21246,59.964376],[30.210145,59.964284],[30.20731,59.963958],[30.192891,59.961671],[30.19071,59.961154],[30.188865,59.960355],[30.187715,59.95953],[30.186992,59.958656],[30.184727,59.954813],[30.184486,59.95435],[30.183416,59.953744],[30.183178,59.953345],[30.18321,59.952937],[30.18342,59.952523],[30.193585,59.950996],[30.193406,59.950696],[30.194606,59.950515],[30.190446,59.943551],[30.179083,59.945258],[30.178469,59.944987],[30.178078,59.944713],[30.177873,59.94437],[30.177899,59.944033],[30.178226,59.943713],[30.180871,59.943076],[30.182745,59.941069],[30.190163,59.933123],[30.191084,59.932349],[30.19239,59.931641],[30.193934,59.931099],[30.201491,59.929001],[30.202657,59.928731],[30.203964,59.928538],[30.205529,59.928443],[30.209122,59.928384],[30.214277,59.9283],[30.217128,59.928292],[30.219437,59.929291],[30.219978,59.92917],[30.220504,59.929048],[30.221056,59.92895],[30.221398,59.928924],[30.222034,59.928909],[30.222512,59.928916],[30.222984,59.928918],[30.223391,59.928879],[30.224704,59.928726],[30.225195,59.928676],[30.225842,59.928563],[30.225984,59.928559],[30.22609,59.928567],[30.226398,59.928607],[30.226434,59.928615],[30.226608,59.928684],[30.2269,59.928692],[30.227162,59.928703],[30.22722,59.928686],[30.227362,59.928685],[30.227446,59.928713],[30.227451,59.928818],[30.227491,59.928854],[30.227821,59.928979],[30.227939,59.929042],[30.228039,59.929047],[30.227991,59.92927],[30.227925,59.929267],[30.227991,59.929408],[30.228244,59.929844],[30.228679,59.930767],[30.228858,59.931066],[30.229058,59.931234],[30.229198,59.931224],[30.229266,59.931429],[30.229156,59.931436],[30.229153,59.931497],[30.229094,59.931575],[30.229082,59.93168],[30.229098,59.931716],[30.229188,59.93177],[30.229318,59.932102],[30.229218,59.932111],[30.229397,59.932444],[30.229393,59.932492],[30.22941,59.932605],[30.22947,59.932734],[30.229553,59.932811],[30.22962,59.932844],[30.229737,59.932964],[30.229869,59.93307],[30.230245,59.933235],[30.230686,59.933332],[30.230978,59.933238],[30.231128,59.933214],[30.231146,59.933237],[30.23134,59.933243],[30.231427,59.933209],[30.231569,59.9332],[30.231674,59.933242],[30.23184,59.933242],[30.231885,59.933261],[30.231931,59.933236],[30.231874,59.933194],[30.232082,59.933119],[30.232298,59.933025],[30.23242,59.932948],[30.232592,59.932757],[30.232619,59.932693],[30.232644,59.932571],[30.232627,59.932471],[30.232578,59.932346],[30.232473,59.932171],[30.232284,59.932031],[30.23205,59.931901],[30.231736,59.931794],[30.231496,59.931755],[30.231265,59.931735],[30.230799,59.931743],[30.230787,59.93172],[30.230107,59.929987],[30.230735,59.929799],[30.23071,59.929778],[30.230902,59.929724],[30.230924,59.929743],[30.231094,59.929694],[30.23094,59.929556],[30.231005,59.929538],[30.231154,59.929671],[30.231655,59.92953],[30.231634,59.929512],[30.231696,59.929495],[30.231593,59.929403],[30.231682,59.929378],[30.231784,59.929468],[30.231827,59.929456],[30.231854,59.92948],[30.232598,59.929263],[30.232579,59.929247],[30.232774,59.929191],[30.2328,59.929213],[30.234285,59.928791],[30.234333,59.928765],[30.234347,59.928739],[30.234834,59.927692],[30.234815,59.927676],[30.234447,59.927791],[30.234375,59.927777],[30.233231,59.926683],[30.233252,59.926661],[30.233613,59.926562],[30.233636,59.926519],[30.233581,59.926457],[30.233526,59.92644],[30.233224,59.926528],[30.23318,59.926524],[30.23307,59.926414],[30.233083,59.926403],[30.233311,59.926343],[30.233294,59.926315],[30.233263,59.926321],[30.231042,59.926963],[30.230963,59.926968],[30.230931,59.92695],[30.230702,59.926755],[30.230706,59.926724],[30.236702,59.925024],[30.236734,59.924991],[30.236706,59.924952],[30.236454,59.924745],[30.236469,59.924695],[30.237507,59.92429],[30.237571,59.92429],[30.238595,59.924651],[30.23867,59.924653],[30.238758,59.924634],[30.24024,59.923833],[30.24146,59.923367],[30.242413,59.922995],[30.242534,59.923016],[30.242562,59.923038],[30.243479,59.92281],[30.244743,59.922538],[30.246065,59.922279],[30.246989,59.922091],[30.247512,59.92198],[30.248859,59.921696],[30.250937,59.921234],[30.251429,59.920776],[30.25139,59.920761],[30.251853,59.920377],[30.251667,59.920228],[30.253526,59.919668],[30.253561,59.919641],[30.253964,59.91952],[30.254055,59.919514],[30.256802,59.918852],[30.257292,59.918715],[30.257351,59.918712],[30.25746,59.918748],[30.257516,59.918753],[30.258029,59.918657],[30.25808,59.918638],[30.258106,59.918607],[30.258115,59.918564],[30.258145,59.918552],[30.258849,59.918454],[30.260493,59.91726]]]}},{"type":"Feature","properties":{"id":"vyborgsky","name":"Выборгский район","osm_relation_id":1114354},"geometry":{"type":"Polygon","coordinates":[[[30.13409,60.048736],[30.193318,60.0639],[30.195077,60.062421],[30.194339,60.062261],[30.194561,60.061994],[30.195843,60.060471],[30.202225,60.062125],[30.210194,60.060371],[30.214113,60.061273],[30.222784,60.051321],[30.225285,60.05217],[30.225942,60.052396],[30.22738,60.052942],[30.229701,60.053701],[30.231867,60.054421],[30.236172,60.055882],[30.241171,60.057574],[30.249116,60.060259],[30.250513,60.060728],[30.251136,60.060939],[30.252105,60.061259],[30.258252,60.063357],[30.261913,60.064596],[30.266355,60.066089],[30.268397,60.066791],[30.27038,60.067461],[30.272435,60.068105],[30.272562,60.068144],[30.272983,60.068288],[30.274003,60.068612],[30.279432,60.064238],[30.281068,60.062909],[30.284768,60.05996],[30.287883,60.057441],[30.288019,60.057327],[30.289129,60.056413],[30.289612,60.055941],[30.290138,60.055481],[30.290352,60.055308],[30.29102,60.054737],[30.291213,60.054624],[30.291584,60.054319],[30.291823,60.054119],[30.29249,60.053577],[30.292864,60.053289],[30.292744,60.053201],[30.293223,60.052894],[30.293417,60.05274],[30.293582,60.052576],[30.293789,60.052365],[30.294025,60.052095],[30.29444,60.051562],[30.294682,60.051243],[30.29494,60.050837],[30.295648,60.049682],[30.295806,60.049377],[30.295978,60.048972],[30.29611,60.048669],[30.296138,60.048595],[30.296181,60.048374],[30.296376,60.047869],[30.29653,60.047524],[30.296578,60.047488],[30.296711,60.0472],[30.297003,60.046666],[30.297184,60.046381],[30.297456,60.045887],[30.297404,60.04588],[30.297733,60.045251],[30.297819,60.045258],[30.297857,60.045206],[30.298213,60.044636],[30.298543,60.044689],[30.299353,60.043252],[30.299476,60.042874],[30.299513,60.042583],[30.299772,60.042172],[30.299834,60.042154],[30.299897,60.042047],[30.300071,60.041872],[30.30016,60.041736],[30.300543,60.041009],[30.301627,60.039006],[30.301974,60.038396],[30.302309,60.037786],[30.302422,60.037405],[30.30274,60.036839],[30.302727,60.036742],[30.302765,60.036648],[30.302951,60.036266],[30.30467,60.033107],[30.305619,60.031471],[30.305663,60.031381],[30.306572,60.029591],[30.306693,60.029581],[30.308606,60.026087],[30.308816,60.025587],[30.309003,60.025443],[30.309346,60.024787],[30.312214,60.019535],[30.312121,60.019522],[30.312233,60.019317],[30.312067,60.019297],[30.311844,60.019266],[30.311984,60.01899],[30.312024,60.018947],[30.312118,60.018766],[30.312135,60.018712],[30.31228,60.018456],[30.312301,60.018413],[30.312447,60.018156],[30.312574,60.017925],[30.312721,60.017644],[30.313082,60.017692],[30.313115,60.017699],[30.313202,60.017518],[30.313316,60.017308],[30.313689,60.016633],[30.313754,60.016503],[30.314277,60.015521],[30.315329,60.013543],[30.316386,60.011617],[30.318302,60.008177],[30.318258,60.008098],[30.318479,60.007732],[30.31898,60.006881],[30.319661,60.005588],[30.319702,60.005463],[30.320291,60.004336],[30.320522,60.00391],[30.320578,60.003875],[30.321041,60.003008],[30.321265,60.002569],[30.321666,60.00167],[30.321765,60.001503],[30.321942,60.001223],[30.32216,60.001168],[30.322222,60.001044],[30.322671,60.000189],[30.323548,59.998647],[30.323162,59.998519],[30.323443,59.998228],[30.323671,59.998022],[30.32437,59.997251],[30.324675,59.99702],[30.324607,59.996964],[30.32462,59.996906],[30.325838,59.995828],[30.325609,59.995752],[30.324454,59.995412],[30.325218,59.994779],[30.326381,59.995144],[30.326655,59.994852],[30.327029,59.994467],[30.327185,59.99452],[30.32732,59.99443],[30.327607,59.994538],[30.327817,59.994527],[30.328129,59.994386],[30.328245,59.994349],[30.328483,59.994222],[30.32812,59.994126],[30.326357,59.993691],[30.326596,59.993489],[30.326973,59.993098],[30.327031,59.993034],[30.327185,59.992837],[30.327271,59.992703],[30.327342,59.992567],[30.327587,59.992044],[30.327663,59.99189],[30.328506,59.9901],[30.328563,59.989991],[30.330147,59.986579],[30.330777,59.985207],[30.330779,59.98511],[30.33073,59.985009],[30.330709,59.984984],[30.330318,59.985067],[30.330146,59.984836],[30.329612,59.984183],[30.329861,59.983516],[30.330726,59.983034],[30.331085,59.982809],[30.331151,59.982772],[30.32411,59.979658],[30.323613,59.979411],[30.321754,59.978468],[30.324316,59.977393],[30.326525,59.97627],[30.328135,59.975281],[30.330076,59.973644],[30.331811,59.971588],[30.334702,59.967487],[30.33496,59.967119],[30.335994,59.965178],[30.336762,59.960479],[30.337701,59.957326],[30.339266,59.955408],[30.340221,59.954654],[30.342353,59.953516],[30.345415,59.952243],[30.349532,59.951999],[30.350033,59.954067],[30.350093,59.954247],[30.350186,59.954417],[30.351076,59.955669],[30.35129,59.955967],[30.352711,59.957944],[30.352965,59.958264],[30.353569,59.959203],[30.353949,59.95979],[30.353969,59.959843],[30.353972,59.959912],[30.353924,59.960067],[30.35375,59.9603],[30.352381,59.962092],[30.35218,59.962355],[30.351978,59.962631],[30.351895,59.96277],[30.35129,59.964227],[30.350937,59.965055],[30.350779,59.965465],[30.350606,59.965892],[30.350439,59.966315],[30.350374,59.966467],[30.35006,59.967254],[30.349762,59.967984],[30.348959,59.969763],[30.34891,59.969875],[30.348746,59.970231],[30.348108,59.971622],[30.348004,59.971844],[30.3475,59.972982],[30.347385,59.973224],[30.34725,59.973435],[30.347096,59.973638],[30.344447,59.976683],[30.343991,59.977211],[30.343976,59.977269],[30.344018,59.97741],[30.344052,59.977487],[30.344186,59.9775],[30.345339,59.977629],[30.345428,59.977632],[30.345677,59.977673],[30.354736,59.978599],[30.355238,59.978625],[30.359687,59.979078],[30.360175,59.979124],[30.360625,59.979137],[30.361057,59.979136],[30.361373,59.979113],[30.361627,59.979076],[30.361912,59.979018],[30.362386,59.978883],[30.36271,59.978777],[30.365785,59.977652],[30.365948,59.977618],[30.366133,59.977596],[30.366486,59.977599],[30.367082,59.977615],[30.367438,59.97763],[30.367525,59.977641],[30.367029,59.978491],[30.366711,59.979207],[30.366165,59.980134],[30.36563,59.980761],[30.36504,59.981417],[30.362712,59.983712],[30.362511,59.983858],[30.35766,59.986478],[30.35751,59.986569],[30.357145,59.986755],[30.356824,59.986921],[30.355622,59.987591],[30.355017,59.987918],[30.354378,59.988258],[30.35392,59.9885],[30.352999,59.988994],[30.352816,59.989086],[30.352299,59.989356],[30.352157,59.989421],[30.351952,59.989506],[30.351694,59.989602],[30.351396,59.989696],[30.351136,59.989753],[30.350876,59.989808],[30.350563,59.989854],[30.350095,59.989891],[30.349662,59.9899],[30.347621,59.989821],[30.347398,59.9898],[30.347275,59.989812],[30.347062,59.989864],[30.346996,59.989947],[30.347084,59.990116],[30.3472,59.990215],[30.347697,59.990553],[30.348125,59.990758],[30.348616,59.990885],[30.34913,59.990929],[30.350329,59.990998],[30.350876,59.991022],[30.352033,59.991083],[30.352161,59.991093],[30.352317,59.991113],[30.352494,59.991149],[30.352674,59.991194],[30.352878,59.991263],[30.353068,59.991342],[30.353313,59.99144],[30.353777,59.991633],[30.355365,59.99229],[30.356119,59.992611],[30.358037,59.993405],[30.359305,59.993926],[30.360417,59.994369],[30.360967,59.994631],[30.361574,59.994937],[30.362308,59.995378],[30.363589,59.996189],[30.363754,59.99629],[30.363798,59.996335],[30.363868,59.996442],[30.364001,59.996731],[30.364107,59.99699],[30.364301,59.997363],[30.364457,59.997768],[30.364559,59.997994],[30.364645,59.99822],[30.36471,59.998402],[30.364826,59.998665],[30.365578,60.000473],[30.365967,60.001365],[30.367116,60.0031],[30.368127,60.004597],[30.3689,60.005732],[30.369791,60.00711],[30.369841,60.007212],[30.369853,60.007279],[30.369798,60.007698],[30.369528,60.008771],[30.369503,60.008847],[30.369424,60.009004],[30.369131,60.009404],[30.369045,60.009606],[30.369025,60.009742],[30.369035,60.009837],[30.369126,60.010063],[30.369163,60.010216],[30.369163,60.010419],[30.368746,60.012284],[30.368639,60.012733],[30.368558,60.01308],[30.368356,60.013903],[30.368111,60.014929],[30.367955,60.015588],[30.367653,60.016849],[30.367562,60.017186],[30.36748,60.017519],[30.367314,60.01838],[30.367276,60.018769],[30.367286,60.019161],[30.367252,60.019399],[30.366845,60.021491],[30.366075,60.025399],[30.365226,60.029706],[30.364919,60.031422],[30.364866,60.031787],[30.36485,60.032136],[30.364966,60.033013],[30.365102,60.033462],[30.365416,60.034365],[30.366061,60.035274],[30.366747,60.036001],[30.383696,60.055039],[30.385647,60.057207],[30.387393,60.059178],[30.385402,60.059742],[30.38557,60.060719],[30.382536,60.066713],[30.378815,60.07409],[30.377194,60.077386],[30.376876,60.078584],[30.376525,60.078636],[30.375175,60.07983],[30.373853,60.080253],[30.373529,60.080513],[30.370665,60.08772],[30.368311,60.090284],[30.36698,60.090737],[30.363234,60.092016],[30.361474,60.092121],[30.359419,60.091966],[30.340771,60.090846],[30.332973,60.089807],[30.331015,60.090375],[30.30883,60.095715],[30.308182,60.09569],[30.303105,60.091099],[30.291837,60.093898],[30.29183,60.095963],[30.289384,60.09638],[30.28842,60.096134],[30.287435,60.09618],[30.282323,60.098937],[30.280901,60.099741],[30.275602,60.102889],[30.274877,60.108138],[30.27329,60.108085],[30.273002,60.10967],[30.271431,60.110288],[30.271258,60.111111],[30.271487,60.111118],[30.271626,60.111186],[30.271662,60.111394],[30.271564,60.111536],[30.271243,60.111851],[30.271183,60.111946],[30.271076,60.113543],[30.270766,60.116353],[30.271096,60.11639],[30.270747,60.116595],[30.26995,60.117203],[30.268932,60.117956],[30.267894,60.118699],[30.267254,60.119129],[30.266693,60.119352],[30.266117,60.119557],[30.266067,60.119621],[30.266386,60.120036],[30.266398,60.120419],[30.266309,60.120572],[30.266033,60.120993],[30.265943,60.12133],[30.265918,60.121715],[30.265922,60.122304],[30.265772,60.122576],[30.265574,60.122841],[30.265125,60.123332],[30.264503,60.123724],[30.262914,60.124338],[30.261422,60.124715],[30.26005,60.125161],[30.259521,60.125455],[30.259242,60.125653],[30.259033,60.125606],[30.251785,60.12282],[30.237752,60.119191],[30.235842,60.118501],[30.235442,60.118463],[30.234255,60.118364],[30.234179,60.118572],[30.233909,60.11854],[30.233636,60.118498],[30.230766,60.118567],[30.229314,60.118476],[30.225728,60.11823],[30.224879,60.118079],[30.223996,60.117741],[30.223148,60.117038],[30.221575,60.116777],[30.219655,60.116672],[30.219245,60.116497],[30.219925,60.115622],[30.22012,60.115527],[30.218956,60.115133],[30.213709,60.116086],[30.208617,60.116978],[30.206978,60.117086],[30.195312,60.117275],[30.193866,60.117299],[30.189586,60.117387],[30.189597,60.11735],[30.188827,60.117367],[30.187842,60.117383],[30.187467,60.117393],[30.186746,60.117414],[30.186238,60.117446],[30.185736,60.117491],[30.184823,60.117575],[30.184427,60.117615],[30.183495,60.117727],[30.18296,60.117803],[30.182206,60.117915],[30.180993,60.11814],[30.179163,60.118523],[30.177791,60.118809],[30.177088,60.117731],[30.175429,60.115463],[30.173362,60.113241],[30.152528,60.117342],[30.138875,60.120038],[30.137996,60.118984],[30.138251,60.118942],[30.138668,60.118533],[30.138336,60.118316],[30.138045,60.117809],[30.137961,60.117053],[30.137691,60.116805],[30.137691,60.116287],[30.138024,60.115148],[30.137802,60.114848],[30.138682,60.114341],[30.133734,60.112182],[30.127407,60.114488],[30.125102,60.113581],[30.123906,60.114236],[30.119594,60.112606],[30.114709,60.114006],[30.114332,60.114335],[30.114027,60.114446],[30.113858,60.114477],[30.113761,60.114436],[30.113676,60.114362],[30.113667,60.114261],[30.113601,60.114174],[30.113413,60.114053],[30.11334,60.114014],[30.113233,60.113993],[30.113118,60.113938],[30.113056,60.113898],[30.113032,60.113844],[30.113055,60.113772],[30.113193,60.113695],[30.113153,60.113648],[30.113075,60.113647],[30.112981,60.113664],[30.112804,60.113653],[30.112626,60.113625],[30.112545,60.113586],[30.112436,60.113512],[30.1123,60.113508],[30.112057,60.1136],[30.111877,60.113683],[30.111783,60.113686],[30.11163,60.113673],[30.111547,60.113643],[30.111477,60.113562],[30.11146,60.113474],[30.111476,60.113391],[30.111455,60.113312],[30.111404,60.113266],[30.111303,60.113232],[30.111141,60.113191],[30.110937,60.113166],[30.110717,60.113189],[30.110521,60.113371],[30.110419,60.113394],[30.110267,60.11335],[30.110127,60.113278],[30.110009,60.113252],[30.10984,60.11326],[30.10958,60.113247],[30.109524,60.113218],[30.109493,60.113158],[30.109572,60.113087],[30.109698,60.11302],[30.109687,60.11294],[30.109652,60.112906],[30.109558,60.112882],[30.109411,60.112892],[30.109291,60.112858],[30.109089,60.112763],[30.109062,60.112714],[30.109068,60.11265],[30.10899,60.112623],[30.108829,60.112612],[30.108743,60.112521],[30.108657,60.112503],[30.108593,60.112524],[30.108553,60.112568],[30.108451,60.11262],[30.108367,60.11262],[30.108258,60.112592],[30.108204,60.112525],[30.108046,60.112135],[30.108051,60.112043],[30.10815,60.111968],[30.108177,60.11192],[30.108154,60.111866],[30.108064,60.111789],[30.108009,60.11177],[30.107924,60.111767],[30.107858,60.111744],[30.107791,60.111683],[30.10778,60.111572],[30.107726,60.111502],[30.107651,60.11147],[30.107513,60.111444],[30.107461,60.111423],[30.107426,60.111365],[30.107466,60.111314],[30.107519,60.111296],[30.107649,60.111328],[30.107706,60.111327],[30.107769,60.11131],[30.10784,60.111263],[30.107921,60.111224],[30.107956,60.111193],[30.107917,60.111133],[30.107914,60.11108],[30.108019,60.110926],[30.10806,60.110821],[30.108089,60.110791],[30.108227,60.110742],[30.108329,60.110714],[30.108437,60.110669],[30.108527,60.110608],[30.108541,60.110509],[30.108574,60.110443],[30.108722,60.110331],[30.108743,60.110296],[30.108689,60.11019],[30.108704,60.110122],[30.108744,60.110091],[30.108956,60.109961],[30.108992,60.10993],[30.109031,60.109864],[30.109041,60.109793],[30.10898,60.109702],[30.108813,60.109583],[30.108667,60.109517],[30.108664,60.109463],[30.108692,60.109431],[30.108805,60.109415],[30.108903,60.109391],[30.108959,60.109388],[30.109042,60.109362],[30.109042,60.109303],[30.109009,60.109271],[30.108931,60.109249],[30.108852,60.109237],[30.108775,60.109209],[30.10865,60.109206],[30.108586,60.109223],[30.108547,60.109279],[30.108516,60.109302],[30.108416,60.109305],[30.108349,60.109265],[30.108294,60.109217],[30.108303,60.109093],[30.108216,60.108971],[30.108227,60.108904],[30.108266,60.10888],[30.108323,60.108874],[30.108374,60.10889],[30.108486,60.108977],[30.108636,60.109027],[30.108718,60.109015],[30.108764,60.108962],[30.108866,60.108912],[30.108889,60.108884],[30.108878,60.108859],[30.108836,60.108839],[30.108601,60.108758],[30.108385,60.108731],[30.108326,60.108713],[30.108298,60.108678],[30.108617,60.108479],[30.108667,60.108463],[30.10876,60.108451],[30.108862,60.108453],[30.109041,60.108474],[30.109249,60.108449],[30.10944,60.10845],[30.109568,60.108422],[30.109625,60.108393],[30.109674,60.108351],[30.109702,60.108296],[30.109714,60.108213],[30.109748,60.108162],[30.109755,60.10807],[30.109693,60.107981],[30.109655,60.107959],[30.109587,60.107951],[30.109534,60.107961],[30.109414,60.108046],[30.109352,60.108072],[30.109227,60.108078],[30.109176,60.10807],[30.109141,60.108038],[30.109191,60.107967],[30.109164,60.107921],[30.109112,60.107892],[30.109076,60.107856],[30.109086,60.107759],[30.109139,60.107679],[30.109144,60.107636],[30.109128,60.107584],[30.109007,60.107507],[30.109005,60.107493],[30.109119,60.107437],[30.109115,60.107385],[30.10899,60.10732],[30.108909,60.107228],[30.108943,60.107151],[30.109001,60.107121],[30.109239,60.10711],[30.109298,60.107097],[30.109466,60.107081],[30.109514,60.107068],[30.109607,60.106945],[30.109685,60.106892],[30.109764,60.106884],[30.109892,60.1069],[30.109992,60.106923],[30.110128,60.106929],[30.110259,60.106921],[30.110299,60.106899],[30.110311,60.10686],[30.110043,60.106819],[30.109965,60.106797],[30.10979,60.106722],[30.109616,60.106687],[30.109391,60.106721],[30.109262,60.106727],[30.109014,60.106693],[30.10888,60.106677],[30.108722,60.106669],[30.108598,60.106649],[30.108362,60.106595],[30.108192,60.106572],[30.10807,60.106561],[30.10789,60.106555],[30.107773,60.106537],[30.10762,60.106494],[30.107536,60.106481],[30.107376,60.106471],[30.107256,60.106455],[30.107099,60.106407],[30.106902,60.106363],[30.106615,60.106323],[30.106437,60.106289],[30.106226,60.106229],[30.106098,60.106226],[30.1059,60.106239],[30.105652,60.10627],[30.105398,60.106327],[30.105256,60.10634],[30.105139,60.106341],[30.104975,60.106333],[30.104666,60.106314],[30.104398,60.106313],[30.104156,60.106318],[30.103749,60.106335],[30.103366,60.106345],[30.103113,60.106358],[30.102851,60.106367],[30.102432,60.106361],[30.102172,60.10636],[30.10197,60.106376],[30.101773,60.106381],[30.10165,60.106381],[30.101508,60.106368],[30.101246,60.106383],[30.100987,60.106381],[30.100557,60.106427],[30.100299,60.106441],[30.100044,60.10649],[30.09986,60.106537],[30.099611,60.106611],[30.099159,60.106726],[30.098836,60.106803],[30.098502,60.106888],[30.098266,60.106936],[30.098054,60.107001],[30.097776,60.10707],[30.097673,60.107092],[30.097548,60.107143],[30.097462,60.107166],[30.097411,60.107159],[30.097357,60.107129],[30.0972,60.107073],[30.097097,60.10706],[30.097049,60.107092],[30.097043,60.107118],[30.097075,60.107215],[30.097132,60.107322],[30.097117,60.107357],[30.097078,60.107395],[30.097,60.107415],[30.096699,60.107388],[30.096532,60.10738],[30.096436,60.107363],[30.09632,60.10732],[30.09624,60.107269],[30.096162,60.107236],[30.096035,60.107217],[30.095862,60.107184],[30.095797,60.107165],[30.095584,60.10708],[30.095361,60.10695],[30.095273,60.106905],[30.095058,60.106808],[30.094932,60.106732],[30.094802,60.106709],[30.094722,60.106701],[30.094625,60.106717],[30.094547,60.106765],[30.094495,60.106822],[30.094416,60.106949],[30.094356,60.106995],[30.094302,60.107024],[30.09425,60.107072],[30.094193,60.107105],[30.093977,60.107157],[30.093865,60.107166],[30.093775,60.107159],[30.093464,60.107154],[30.093285,60.107163],[30.093131,60.107199],[30.093052,60.107208],[30.092926,60.107253],[30.092907,60.10729],[30.092981,60.10734],[30.093,60.107389],[30.092937,60.10747],[30.092834,60.107551],[30.092717,60.107573],[30.092616,60.107549],[30.092351,60.107542],[30.092253,60.107531],[30.092093,60.107526],[30.092015,60.107493],[30.091872,60.107394],[30.091761,60.107379],[30.091482,60.107365],[30.091435,60.107348],[30.091298,60.107342],[30.09124,60.107361],[30.091213,60.107397],[30.091203,60.107451],[30.091154,60.107489],[30.09112,60.107498],[30.091039,60.107493],[30.090963,60.107457],[30.090819,60.107444],[30.090669,60.107455],[30.090532,60.107458],[30.090387,60.107479],[30.090158,60.107534],[30.090094,60.107572],[30.090083,60.107612],[30.090128,60.107701],[30.090103,60.107763],[30.090041,60.107793],[30.089952,60.107799],[30.089847,60.107795],[30.089721,60.10781],[30.089585,60.107856],[30.08947,60.107872],[30.089357,60.107854],[30.089226,60.107862],[30.088997,60.107946],[30.088905,60.107973],[30.08881,60.107983],[30.088639,60.107979],[30.088522,60.107919],[30.088483,60.107866],[30.088364,60.1078],[30.087964,60.1076],[30.085124,60.104261],[30.072904,60.097271],[30.070784,60.09625],[30.074207,60.093966],[30.076887,60.090447],[30.083281,60.088145],[30.087186,60.086877],[30.08843,60.086581],[30.094541,60.085319],[30.102799,60.080853],[30.104225,60.079593],[30.112105,60.072667],[30.116017,60.071879],[30.119135,60.070006],[30.133216,60.072642],[30.135428,60.070608],[30.136916,60.06825],[30.138141,60.066308],[30.138158,60.06595],[30.137983,60.06542],[30.137829,60.065367],[30.137355,60.065246],[30.136766,60.065012],[30.136333,60.064707],[30.136015,60.064374],[30.135916,60.06407],[30.135887,60.063306],[30.136173,60.061417],[30.136191,60.06061],[30.136017,60.06017],[30.13577,60.059937],[30.135259,60.059682],[30.128249,60.057857],[30.126282,60.057471],[30.126578,60.056986],[30.126226,60.05673],[30.126182,60.056323],[30.135629,60.057614],[30.135558,60.057333],[30.135233,60.056642],[30.134861,60.056164],[30.134509,60.054208],[30.131254,60.051124],[30.13409,60.048736]]]}},{"type":"Feature","properties":{"id":"kalininsky","name":"Калининский район","osm_relation_id":1114806},"geometry":{"type":"Polygon","coordinates":[[[30.349532,59.951999],[30.359596,59.951405],[30.363556,59.951168],[30.371124,59.952269],[30.376435,59.953802],[30.383674,59.957174],[30.384794,59.957492],[30.386177,59.957741],[30.387568,59.957883],[30.38896,59.95792],[30.390952,59.957795],[30.392687,59.957526],[30.394708,59.95709],[30.396723,59.95657],[30.399584,59.955444],[30.403207,59.957032],[30.406932,59.958942],[30.407091,59.959158],[30.407193,59.959338],[30.408138,59.961622],[30.408696,59.963069],[30.411067,59.968914],[30.412154,59.971539],[30.41236,59.971846],[30.412475,59.972012],[30.412607,59.972176],[30.413587,59.973104],[30.421058,59.980053],[30.421197,59.98018],[30.421328,59.980316],[30.427261,59.985893],[30.433287,59.99162],[30.437878,59.995938],[30.439355,59.997186],[30.442174,59.999815],[30.440905,60.003199],[30.440021,60.005517],[30.437474,60.012199],[30.43658,60.014498],[30.436418,60.015036],[30.436333,60.015668],[30.436376,60.016108],[30.43647,60.016534],[30.436764,60.017216],[30.437251,60.018385],[30.437419,60.019138],[30.437399,60.019744],[30.437372,60.020226],[30.437144,60.022018],[30.437044,60.022885],[30.437144,60.026473],[30.437191,60.029633],[30.437612,60.039133],[30.437712,60.040139],[30.437606,60.040602],[30.437264,60.040998],[30.436833,60.041377],[30.436261,60.04175],[30.435568,60.042038],[30.434814,60.042265],[30.434032,60.042442],[30.425114,60.044354],[30.424933,60.044826],[30.418884,60.046085],[30.415649,60.046709],[30.417048,60.048137],[30.418415,60.049547],[30.412812,60.050914],[30.406602,60.052428],[30.401711,60.053657],[30.396571,60.055006],[30.388112,60.057077],[30.388902,60.057823],[30.388045,60.058091],[30.388767,60.058804],[30.387393,60.059178],[30.385647,60.057207],[30.383696,60.055039],[30.366747,60.036001],[30.366061,60.035274],[30.365416,60.034365],[30.365102,60.033462],[30.364966,60.033013],[30.36485,60.032136],[30.364866,60.031787],[30.364919,60.031422],[30.365226,60.029706],[30.366075,60.025399],[30.366845,60.021491],[30.367252,60.019399],[30.367286,60.019161],[30.367276,60.018769],[30.367314,60.01838],[30.36748,60.017519],[30.367562,60.017186],[30.367653,60.016849],[30.367955,60.015588],[30.368111,60.014929],[30.368356,60.013903],[30.368558,60.01308],[30.368639,60.012733],[30.368746,60.012284],[30.369163,60.010419],[30.369163,60.010216],[30.369126,60.010063],[30.369035,60.009837],[30.369025,60.009742],[30.369045,60.009606],[30.369131,60.009404],[30.369424,60.009004],[30.369503,60.008847],[30.369528,60.008771],[30.369798,60.007698],[30.369853,60.007279],[30.369841,60.007212],[30.369791,60.00711],[30.3689,60.005732],[30.368127,60.004597],[30.367116,60.0031],[30.365967,60.001365],[30.365578,60.000473],[30.364826,59.998665],[30.36471,59.998402],[30.364645,59.99822],[30.364559,59.997994],[30.364457,59.997768],[30.364301,59.997363],[30.364107,59.99699],[30.364001,59.996731],[30.363868,59.996442],[30.363798,59.996335],[30.363754,59.99629],[30.363589,59.996189],[30.362308,59.995378],[30.361574,59.994937],[30.360967,59.994631],[30.360417,59.994369],[30.359305,59.993926],[30.358037,59.993405],[30.356119,59.992611],[30.355365,59.99229],[30.353777,59.991633],[30.353313,59.99144],[30.353068,59.991342],[30.352878,59.991263],[30.352674,59.991194],[30.352494,59.991149],[30.352317,59.991113],[30.352161,59.991093],[30.352033,59.991083],[30.350876,59.991022],[30.350329,59.990998],[30.34913,59.990929],[30.348616,59.990885],[30.348125,59.990758],[30.347697,59.990553],[30.3472,59.990215],[30.347084,59.990116],[30.346996,59.989947],[30.347062,59.989864],[30.347275,59.989812],[30.347398,59.9898],[30.347621,59.989821],[30.349662,59.9899],[30.350095,59.989891],[30.350563,59.989854],[30.350876,59.989808],[30.351136,59.989753],[30.351396,59.989696],[30.351694,59.989602],[30.351952,59.989506],[30.352157,59.989421],[30.352299,59.989356],[30.352816,59.989086],[30.352999,59.988994],[30.35392,59.9885],[30.354378,59.988258],[30.355017,59.987918],[30.355622,59.987591],[30.356824,59.986921],[30.357145,59.986755],[30.35751,59.986569],[30.35766,59.986478],[30.362511,59.983858],[30.362712,59.983712],[30.36504,59.981417],[30.36563,59.980761],[30.366165,59.980134],[30.366711,59.979207],[30.367029,59.978491],[30.367525,59.977641],[30.367438,59.97763],[30.367082,59.977615],[30.366486,59.977599],[30.366133,59.977596],[30.365948,59.977618],[30.365785,59.977652],[30.36271,59.978777],[30.362386,59.978883],[30.361912,59.979018],[30.361627,59.979076],[30.361373,59.979113],[30.361057,59.979136],[30.360625,59.979137],[30.360175,59.979124],[30.359687,59.979078],[30.355238,59.978625],[30.354736,59.978599],[30.345677,59.977673],[30.345428,59.977632],[30.345339,59.977629],[30.344186,59.9775],[30.344052,59.977487],[30.344018,59.97741],[30.343976,59.977269],[30.343991,59.977211],[30.344447,59.976683],[30.347096,59.973638],[30.34725,59.973435],[30.347385,59.973224],[30.3475,59.972982],[30.348004,59.971844],[30.348108,59.971622],[30.348746,59.970231],[30.34891,59.969875],[30.348959,59.969763],[30.349762,59.967984],[30.35006,59.967254],[30.350374,59.966467],[30.350439,59.966315],[30.350606,59.965892],[30.350779,59.965465],[30.350937,59.965055],[30.35129,59.964227],[30.351895,59.96277],[30.351978,59.962631],[30.35218,59.962355],[30.352381,59.962092],[30.35375,59.9603],[30.353924,59.960067],[30.353972,59.959912],[30.353969,59.959843],[30.353949,59.95979],[30.353569,59.959203],[30.352965,59.958264],[30.352711,59.957944],[30.35129,59.955967],[30.351076,59.955669],[30.350186,59.954417],[30.350093,59.954247],[30.350033,59.954067],[30.349532,59.951999]]]}},{"type":"Feature","properties":{"id":"kirovsky","name":"Кировский район","osm_relation_id":1114809},"geometry":{"type":"Polygon","coordinates":[[[30.175625,59.870353],[30.176153,59.870235],[30.176391,59.870146],[30.176625,59.870035],[30.176797,59.869917],[30.176969,59.869856],[30.177036,59.869794],[30.177157,59.869661],[30.177332,59.869533],[30.177717,59.869362],[30.177907,59.869266],[30.178199,59.869062],[30.178448,59.868854],[30.178612,59.868709],[30.178758,59.868609],[30.17893,59.868558],[30.17911,59.868522],[30.179266,59.86846],[30.179434,59.868406],[30.179516,59.86839],[30.179651,59.868373],[30.179763,59.86832],[30.179796,59.868251],[30.179811,59.868104],[30.179923,59.86801],[30.180211,59.867892],[30.180305,59.86784],[30.180326,59.867786],[30.180334,59.86766],[30.180391,59.867489],[30.180507,59.867316],[30.180663,59.867118],[30.180761,59.867018],[30.180916,59.866909],[30.181082,59.866838],[30.181214,59.866768],[30.181391,59.866732],[30.181604,59.866705],[30.181891,59.866689],[30.182284,59.866678],[30.182594,59.86668],[30.183247,59.866717],[30.183504,59.866757],[30.183823,59.866818],[30.183955,59.866818],[30.184065,59.866799],[30.184554,59.866645],[30.184978,59.866555],[30.185167,59.866562],[30.185278,59.8666],[30.185559,59.86699],[30.185732,59.867101],[30.18593,59.867193],[30.186121,59.867265],[30.186386,59.867337],[30.186862,59.867431],[30.187434,59.867513],[30.187681,59.86753],[30.188341,59.867556],[30.188603,59.867596],[30.188889,59.867608],[30.18944,59.867611],[30.189972,59.86761],[30.190554,59.867604],[30.191176,59.86758],[30.191591,59.867587],[30.191955,59.867622],[30.192316,59.867694],[30.192804,59.86776],[30.194724,59.867863],[30.195176,59.867915],[30.19636,59.868167],[30.196857,59.868313],[30.197375,59.868386],[30.197671,59.868392],[30.198153,59.868516],[30.19862,59.868596],[30.199094,59.868713],[30.199381,59.868838],[30.199621,59.868919],[30.199869,59.868982],[30.200074,59.869021],[30.200462,59.869028],[30.200592,59.869013],[30.20068,59.868952],[30.200859,59.868804],[30.201059,59.868703],[30.201403,59.868609],[30.201823,59.868532],[30.202279,59.868473],[30.202749,59.868407],[30.203164,59.868305],[30.203453,59.868196],[30.203616,59.868091],[30.203761,59.867964],[30.203916,59.867817],[30.204113,59.867647],[30.204355,59.867488],[30.204581,59.867368],[30.204999,59.867202],[30.205435,59.867078],[30.205921,59.866946],[30.206324,59.866844],[30.206719,59.866751],[30.206945,59.866688],[30.207213,59.86657],[30.208628,59.866131],[30.20908,59.866001],[30.209356,59.865917],[30.209767,59.865815],[30.209879,59.865771],[30.210162,59.86568],[30.21039,59.865618],[30.21089,59.865511],[30.211069,59.865486],[30.211393,59.865449],[30.211843,59.865379],[30.212285,59.865306],[30.21258,59.865263],[30.212857,59.865243],[30.21318,59.865201],[30.213397,59.865161],[30.213855,59.86503],[30.214153,59.864954],[30.214756,59.864829],[30.215162,59.864763],[30.2155,59.864752],[30.215954,59.864745],[30.216222,59.864734],[30.21649,59.864718],[30.216812,59.86468],[30.217713,59.864594],[30.21825,59.864535],[30.218968,59.864486],[30.219537,59.864454],[30.220846,59.864336],[30.221511,59.864336],[30.223121,59.864256],[30.223936,59.864266],[30.22455,59.864304],[30.224978,59.864287],[30.225686,59.864286],[30.226237,59.864276],[30.227208,59.864239],[30.228001,59.864128],[30.229003,59.864128],[30.229354,59.864104],[30.231173,59.864072],[30.232948,59.864024],[30.233794,59.864056],[30.23543,59.86403],[30.237352,59.864016],[30.239277,59.863987],[30.239082,59.863852],[30.232097,59.859126],[30.228606,59.856757],[30.221246,59.851778],[30.216555,59.848558],[30.212192,59.845607],[30.210168,59.84422],[30.208008,59.842762],[30.206138,59.841481],[30.204886,59.840606],[30.203919,59.839882],[30.201746,59.838264],[30.199526,59.836637],[30.198932,59.83621],[30.197239,59.834943],[30.196573,59.834453],[30.194893,59.833214],[30.194321,59.832756],[30.193518,59.832122],[30.191973,59.830794],[30.190674,59.82942],[30.190148,59.828873],[30.18924,59.828043],[30.188979,59.827842],[30.188555,59.8275],[30.187129,59.826071],[30.186746,59.825676],[30.183712,59.822877],[30.185723,59.822934],[30.188212,59.822805],[30.192064,59.822713],[30.197718,59.822573],[30.202771,59.822751],[30.20953,59.823306],[30.216086,59.823921],[30.221997,59.824406],[30.227233,59.82514],[30.231535,59.825981],[30.237511,59.827453],[30.248047,59.830052],[30.25604,59.831956],[30.26296,59.833573],[30.26819,59.834854],[30.268545,59.834941],[30.26924,59.835392],[30.269337,59.83545],[30.269459,59.835534],[30.269539,59.835578],[30.269598,59.835634],[30.26971,59.835675],[30.269823,59.835761],[30.269961,59.835848],[30.270582,59.836176],[30.27257,59.837349],[30.273501,59.837881],[30.276388,59.839602],[30.277823,59.840475],[30.280744,59.842173],[30.280988,59.842293],[30.281202,59.842456],[30.281388,59.842555],[30.281469,59.842555],[30.281582,59.842533],[30.281994,59.842521],[30.282125,59.84251],[30.282216,59.842531],[30.282273,59.842646],[30.282359,59.842743],[30.282571,59.842903],[30.282895,59.843187],[30.28302,59.843292],[30.283229,59.843381],[30.283344,59.843491],[30.283564,59.843675],[30.28371,59.843827],[30.283898,59.844011],[30.284107,59.84419],[30.284306,59.844352],[30.284578,59.844531],[30.284849,59.844704],[30.285026,59.844896],[30.285421,59.845332],[30.285694,59.845693],[30.286028,59.846082],[30.286281,59.846368],[30.286484,59.846865],[30.287084,59.847601],[30.287805,59.848557],[30.288488,59.849614],[30.288916,59.850451],[30.289013,59.850653],[30.289088,59.850834],[30.289106,59.851009],[30.289157,59.851121],[30.289222,59.851187],[30.289409,59.851308],[30.289648,59.851379],[30.289958,59.851435],[30.290416,59.851609],[30.290472,59.851699],[30.290737,59.852214],[30.291078,59.852474],[30.291217,59.852561],[30.291482,59.852638],[30.291682,59.852713],[30.291809,59.852786],[30.291849,59.852893],[30.292018,59.85352],[30.292091,59.853833],[30.292203,59.854461],[30.292344,59.855103],[30.292374,59.85535],[30.292416,59.85579],[30.292447,59.856403],[30.292442,59.856972],[30.292465,59.857272],[30.292683,59.857743],[30.292697,59.857784],[30.292689,59.857851],[30.292644,59.857897],[30.292565,59.85793],[30.292404,59.857954],[30.291809,59.858032],[30.291471,59.858101],[30.291318,59.858191],[30.291192,59.858254],[30.290936,59.858466],[30.290806,59.858515],[30.290676,59.858545],[30.290354,59.85854],[30.290466,59.859305],[30.290483,59.859594],[30.290531,59.859978],[30.290842,59.862526],[30.291421,59.865812],[30.2917,59.868107],[30.292033,59.870008],[30.292451,59.871752],[30.293162,59.874897],[30.293438,59.876567],[30.293728,59.877767],[30.294543,59.878962],[30.295777,59.87991],[30.29759,59.880766],[30.299672,59.881461],[30.300015,59.882693],[30.293792,59.882508],[30.294273,59.884468],[30.295065,59.886471],[30.295272,59.886623],[30.297226,59.888095],[30.297655,59.888668],[30.298577,59.891273],[30.299457,59.894239],[30.297901,59.894465],[30.297891,59.896031],[30.294781,59.896123],[30.294978,59.896295],[30.295114,59.896545],[30.294975,59.896565],[30.295066,59.896774],[30.295179,59.896939],[30.295314,59.897181],[30.295265,59.897228],[30.295603,59.897819],[30.295773,59.898077],[30.296126,59.898634],[30.296292,59.898849],[30.296322,59.898904],[30.296325,59.898974],[30.296384,59.89916],[30.296484,59.899159],[30.29647,59.899242],[30.296492,59.899334],[30.296562,59.89951],[30.296646,59.899694],[30.296799,59.899972],[30.296956,59.900265],[30.297009,59.900286],[30.297029,59.900367],[30.297055,59.900557],[30.297034,59.900948],[30.297006,59.900948],[30.29694,59.901701],[30.296899,59.901908],[30.29688,59.901937],[30.296736,59.901958],[30.296669,59.90199],[30.296604,59.901988],[30.296286,59.901892],[30.295844,59.901799],[30.29579,59.901864],[30.295721,59.901893],[30.295474,59.902116],[30.29557,59.902143],[30.295505,59.902204],[30.295641,59.902244],[30.295659,59.902308],[30.2957,59.90232],[30.295407,59.902603],[30.29504,59.902502],[30.294967,59.902569],[30.294761,59.902521],[30.294766,59.90267],[30.29473,59.902748],[30.294692,59.902755],[30.294228,59.902801],[30.294201,59.902732],[30.293935,59.902771],[30.293454,59.902865],[30.293124,59.902925],[30.29309,59.902895],[30.292764,59.902963],[30.292048,59.903078],[30.291129,59.90313],[30.290898,59.90311],[30.290591,59.90314],[30.289913,59.903178],[30.289908,59.903243],[30.289087,59.903302],[30.286638,59.903547],[30.284581,59.903711],[30.283617,59.903804],[30.282125,59.903935],[30.281915,59.903924],[30.281401,59.903876],[30.281158,59.903841],[30.280914,59.903797],[30.280708,59.903748],[30.280355,59.903637],[30.280182,59.903593],[30.280015,59.903559],[30.279635,59.903356],[30.277636,59.902273],[30.277462,59.902096],[30.277102,59.901846],[30.276775,59.901645],[30.276802,59.901631],[30.276341,59.90136],[30.275829,59.901114],[30.274583,59.901563],[30.274476,59.901528],[30.274297,59.901499],[30.274107,59.901496],[30.273878,59.901506],[30.273872,59.901584],[30.273807,59.901667],[30.27372,59.901727],[30.273596,59.901772],[30.273527,59.901787],[30.27339,59.901803],[30.27324,59.901802],[30.27309,59.901777],[30.272967,59.901736],[30.272868,59.901681],[30.271933,59.901866],[30.271069,59.902035],[30.269637,59.902316],[30.269548,59.902335],[30.269096,59.902409],[30.268976,59.902311],[30.268612,59.9022],[30.268127,59.902092],[30.26767,59.902012],[30.266683,59.901964],[30.26615,59.901956],[30.265708,59.901819],[30.265054,59.90096],[30.264612,59.900571],[30.262968,59.900082],[30.2621,59.899891],[30.261149,59.899864],[30.257573,59.900396],[30.257005,59.900495],[30.256151,59.900572],[30.255628,59.900556],[30.255021,59.900442],[30.254503,59.9003],[30.254016,59.90017],[30.253645,59.900223],[30.252996,59.900407],[30.251123,59.90103],[30.250229,59.901291],[30.250278,59.901319],[30.253513,59.902684],[30.255385,59.904136],[30.257541,59.906785],[30.257642,59.906888],[30.259941,59.909349],[30.260905,59.910755],[30.261913,59.912359],[30.262201,59.913674],[30.262152,59.915841],[30.262066,59.916436],[30.261523,59.916957],[30.260493,59.91726],[30.260742,59.915916],[30.257715,59.915414],[30.251946,59.914528],[30.24087,59.914148],[30.24089,59.913912],[30.240696,59.913841],[30.240624,59.913823],[30.239068,59.913766],[30.238665,59.913691],[30.234548,59.913376],[30.233822,59.913605],[30.232634,59.913612],[30.232414,59.913733],[30.228906,59.913549],[30.224424,59.913993],[30.223947,59.914202],[30.223228,59.914452],[30.22227,59.914659],[30.222131,59.91465],[30.215559,59.916147],[30.215138,59.916228],[30.21483,59.916254],[30.21432,59.91627],[30.214036,59.916221],[30.213786,59.916114],[30.213462,59.915857],[30.212896,59.915205],[30.207432,59.909264],[30.20725,59.90898],[30.207255,59.908522],[30.2074,59.908308],[30.207936,59.908096],[30.214717,59.906089],[30.215476,59.906],[30.215633,59.905883],[30.215774,59.905792],[30.215853,59.905766],[30.216021,59.905773],[30.216399,59.90531],[30.216269,59.905271],[30.216204,59.905211],[30.216183,59.905157],[30.216257,59.905051],[30.216298,59.904964],[30.216224,59.904236],[30.216105,59.903967],[30.216006,59.90387],[30.21581,59.903714],[30.215825,59.90361],[30.213652,59.902232],[30.212758,59.902181],[30.211687,59.901381],[30.211289,59.90111],[30.210437,59.900503],[30.21016,59.900289],[30.209458,59.899503],[30.209286,59.899403],[30.208894,59.8993],[30.208629,59.899198],[30.208468,59.899103],[30.20807,59.898886],[30.207947,59.898863],[30.207837,59.898837],[30.207659,59.898776],[30.207554,59.898728],[30.207433,59.898638],[30.20739,59.898635],[30.207324,59.898672],[30.207297,59.898719],[30.207232,59.898728],[30.207202,59.898692],[30.207245,59.898641],[30.207223,59.898598],[30.207018,59.898503],[30.206761,59.898375],[30.206507,59.898218],[30.206333,59.898104],[30.205977,59.897887],[30.20579,59.897797],[30.205002,59.897465],[30.204905,59.897396],[30.204779,59.897257],[30.20474,59.897228],[30.204335,59.897054],[30.204041,59.8969],[30.203419,59.896572],[30.20272,59.896226],[30.202516,59.896135],[30.202157,59.896006],[30.201738,59.895873],[30.201436,59.895771],[30.201152,59.895658],[30.200762,59.895486],[30.200157,59.895185],[30.199808,59.895024],[30.199497,59.894885],[30.199153,59.894667],[30.19888,59.894562],[30.198615,59.894491],[30.198347,59.894477],[30.197639,59.894304],[30.197287,59.89409],[30.197134,59.893841],[30.196881,59.893677],[30.196364,59.893513],[30.195862,59.893192],[30.195409,59.892793],[30.195218,59.892715],[30.19507,59.892407],[30.194764,59.892083],[30.194589,59.891677],[30.194594,59.891583],[30.194459,59.891314],[30.194503,59.891106],[30.194491,59.89097],[30.194511,59.890766],[30.19443,59.890573],[30.194302,59.890361],[30.194201,59.890238],[30.194117,59.890102],[30.193982,59.889926],[30.193686,59.889706],[30.193315,59.889319],[30.19307,59.889189],[30.192787,59.889111],[30.192096,59.888936],[30.190738,59.888675],[30.188981,59.888471],[30.187703,59.888349],[30.186345,59.888213],[30.184885,59.888053],[30.182293,59.887781],[30.181664,59.887755],[30.181053,59.887757],[30.179734,59.887726],[30.178444,59.887689],[30.177167,59.887692],[30.175764,59.887759],[30.174599,59.887839],[30.174238,59.887878],[30.17298,59.888059],[30.171959,59.888278],[30.170427,59.88832],[30.169472,59.888324],[30.169152,59.888338],[30.168984,59.888312],[30.167987,59.88702],[30.167812,59.886844],[30.167891,59.886398],[30.168961,59.885861],[30.169073,59.885806],[30.172316,59.88418],[30.167836,59.881889],[30.167932,59.881844],[30.165919,59.880804],[30.168066,59.879724],[30.168107,59.879684],[30.168125,59.879643],[30.168121,59.879597],[30.168092,59.879554],[30.168029,59.879513],[30.167946,59.879482],[30.167848,59.879456],[30.167155,59.879305],[30.166956,59.87925],[30.166781,59.879182],[30.166642,59.879107],[30.166532,59.879028],[30.164353,59.877003],[30.161534,59.874313],[30.161519,59.874277],[30.161551,59.874206],[30.161653,59.874145],[30.161827,59.874084],[30.162042,59.874017],[30.162243,59.87396],[30.162465,59.873905],[30.164271,59.873518],[30.166647,59.872998],[30.168293,59.872608],[30.169885,59.872271],[30.171788,59.871757],[30.171749,59.871558],[30.1718,59.871397],[30.171977,59.871257],[30.17225,59.87116],[30.17249,59.870974],[30.172749,59.870838],[30.172984,59.870819],[30.173315,59.870808],[30.173575,59.870858],[30.174227,59.870908],[30.174492,59.870871],[30.174624,59.870803],[30.175061,59.87073],[30.175203,59.870624],[30.175429,59.870463],[30.175661,59.870399],[30.175625,59.870353]]]}},{"type":"Feature","properties":{"id":"kolpinsky","name":"Колпинский район","osm_relation_id":337424},"geometry":{"type":"Polygon","coordinates":[[[30.576345,59.730006],[30.582743,59.729542],[30.583876,59.729564],[30.584207,59.729644],[30.588458,59.729803],[30.59135,59.729102],[30.592893,59.729146],[30.592796,59.729378],[30.592225,59.73006],[30.600606,59.730086],[30.603209,59.730135],[30.606757,59.730539],[30.609258,59.730654],[30.609788,59.730666],[30.612181,59.730737],[30.617338,59.730861],[30.616969,59.733493],[30.616669,59.735414],[30.617792,59.735794],[30.61824,59.735401],[30.61956,59.735394],[30.619853,59.735461],[30.620114,59.735518],[30.621315,59.735878],[30.621683,59.735695],[30.621879,59.73577],[30.62224,59.735615],[30.622416,59.735612],[30.625049,59.735712],[30.629978,59.735811],[30.640693,59.727717],[30.640618,59.727534],[30.640637,59.727439],[30.642885,59.725598],[30.643259,59.725415],[30.643474,59.72547],[30.645745,59.723754],[30.647762,59.722029],[30.64817,59.721273],[30.650355,59.721866],[30.682984,59.724918],[30.680135,59.729983],[30.695739,59.743747],[30.703055,59.745284],[30.737604,59.744888],[30.754919,59.743842],[30.757012,59.743751],[30.756472,59.744523],[30.754691,59.745671],[30.753277,59.746702],[30.750792,59.748012],[30.749965,59.748515],[30.748912,59.749571],[30.748713,59.75112],[30.749306,59.751939],[30.750876,59.752582],[30.752832,59.752933],[30.756809,59.752902],[30.757953,59.753057],[30.758891,59.75337],[30.759416,59.753758],[30.759466,59.754214],[30.759493,59.754728],[30.758934,59.75525],[30.757659,59.756293],[30.752762,59.755553],[30.750359,59.755461],[30.748763,59.755453],[30.746303,59.755758],[30.744134,59.756245],[30.737358,59.759669],[30.740001,59.76521],[30.734419,59.769213],[30.729708,59.770147],[30.728071,59.770573],[30.726716,59.770853],[30.727905,59.77258],[30.733139,59.777217],[30.735294,59.779302],[30.72998,59.781016],[30.724911,59.781522],[30.717695,59.781716],[30.710405,59.781292],[30.705738,59.781318],[30.701107,59.781638],[30.694664,59.782753],[30.686973,59.784647],[30.683597,59.785079],[30.67858,59.785275],[30.673927,59.785698],[30.670101,59.786477],[30.660139,59.78964],[30.653405,59.790636],[30.644351,59.791423],[30.635147,59.792538],[30.630154,59.793685],[30.6256,59.795479],[30.622834,59.797329],[30.614982,59.802582],[30.604327,59.808308],[30.597645,59.812001],[30.595885,59.813591],[30.593795,59.815193],[30.589201,59.817279],[30.578757,59.820662],[30.573185,59.822394],[30.567166,59.823925],[30.566939,59.823655],[30.565204,59.821758],[30.564322,59.821839],[30.562545,59.822015],[30.561175,59.822151],[30.560356,59.822249],[30.560014,59.82221],[30.561508,59.821561],[30.56312,59.820877],[30.562944,59.820834],[30.559913,59.820152],[30.558733,59.819461],[30.554278,59.821235],[30.551738,59.819742],[30.553648,59.817628],[30.55472,59.817164],[30.548498,59.813129],[30.547134,59.81369],[30.54115,59.81597],[30.535478,59.818083],[30.531627,59.819407],[30.528215,59.820821],[30.520214,59.82393],[30.520103,59.823696],[30.520155,59.823582],[30.520209,59.823394],[30.520577,59.82302],[30.52081,59.822772],[30.52131,59.822084],[30.521378,59.821941],[30.521413,59.82182],[30.521419,59.821665],[30.521359,59.821499],[30.5209,59.820416],[30.520748,59.820085],[30.520533,59.819743],[30.520297,59.819413],[30.520129,59.819231],[30.519897,59.819023],[30.519442,59.818655],[30.518942,59.818318],[30.514544,59.815809],[30.513621,59.815313],[30.513376,59.815224],[30.513244,59.815184],[30.513022,59.815137],[30.512627,59.815073],[30.512587,59.814964],[30.512524,59.814882],[30.512475,59.814805],[30.512442,59.814721],[30.512432,59.81463],[30.512277,59.814402],[30.510904,59.813603],[30.510496,59.813765],[30.508286,59.812643],[30.508222,59.811289],[30.508688,59.810615],[30.509814,59.809925],[30.510246,59.809612],[30.510409,59.809323],[30.512215,59.808027],[30.511552,59.807772],[30.508198,59.810116],[30.499961,59.816031],[30.483028,59.828312],[30.475198,59.833989],[30.455736,59.831962],[30.443495,59.829817],[30.443334,59.829798],[30.441121,59.829374],[30.438755,59.827567],[30.442188,59.827804],[30.442986,59.82751],[30.444224,59.824224],[30.448634,59.824515],[30.453591,59.818269],[30.449519,59.818269],[30.454665,59.814986],[30.460308,59.811534],[30.461605,59.81084],[30.456251,59.809471],[30.457854,59.80269],[30.468632,59.797718],[30.479168,59.792957],[30.484227,59.791537],[30.485514,59.792606],[30.486887,59.792204],[30.487027,59.791977],[30.487778,59.791748],[30.488015,59.791969],[30.488815,59.791734],[30.489596,59.791867],[30.4898,59.792056],[30.492606,59.790749],[30.494507,59.790249],[30.494965,59.790141],[30.497729,59.789319],[30.498029,59.788801],[30.501763,59.788487],[30.508844,59.784373],[30.509531,59.785237],[30.516996,59.783715],[30.516845,59.783435],[30.51667,59.783138],[30.516431,59.7828],[30.516273,59.782509],[30.516256,59.782232],[30.516316,59.782098],[30.516402,59.78204],[30.516504,59.781998],[30.516613,59.78198],[30.51689,59.782002],[30.517399,59.782019],[30.517572,59.782048],[30.517785,59.782129],[30.517938,59.782375],[30.518206,59.782623],[30.518406,59.782664],[30.519159,59.782681],[30.519332,59.78259],[30.519459,59.782374],[30.51958,59.782137],[30.51994,59.781417],[30.519926,59.781359],[30.519814,59.781275],[30.519657,59.781212],[30.519245,59.781088],[30.519154,59.781019],[30.519108,59.780916],[30.519026,59.780697],[30.519023,59.780572],[30.519073,59.780508],[30.519188,59.780472],[30.5199,59.780409],[30.520213,59.780501],[30.520381,59.780661],[30.520605,59.781132],[30.520807,59.781265],[30.520965,59.781306],[30.521153,59.781292],[30.521403,59.781151],[30.521528,59.781044],[30.521582,59.780789],[30.521411,59.780612],[30.521316,59.780456],[30.521325,59.780288],[30.521359,59.780132],[30.521299,59.77999],[30.521127,59.779912],[30.52075,59.779843],[30.520458,59.779743],[30.520183,59.779627],[30.519909,59.779454],[30.519531,59.779182],[30.519385,59.779151],[30.519239,59.779182],[30.519205,59.779281],[30.519248,59.779424],[30.519136,59.779497],[30.518964,59.779467],[30.51881,59.779406],[30.518698,59.779316],[30.518492,59.779203],[30.518252,59.779108],[30.51802,59.779026],[30.517763,59.778923],[30.517643,59.778886],[30.51748,59.778799],[30.517297,59.778694],[30.517151,59.778555],[30.517077,59.778415],[30.516919,59.778323],[30.516721,59.778216],[30.516477,59.778109],[30.516265,59.778021],[30.516088,59.777925],[30.516017,59.77787],[30.516004,59.777727],[30.516047,59.777502],[30.51615,59.777403],[30.516321,59.777347],[30.516562,59.777303],[30.517892,59.777161],[30.51827,59.777083],[30.51857,59.776997],[30.518733,59.776893],[30.51875,59.776776],[30.518752,59.776649],[30.518669,59.776535],[30.518446,59.776395],[30.518227,59.77634],[30.517969,59.776314],[30.517693,59.776239],[30.517388,59.776129],[30.517229,59.776062],[30.516993,59.775941],[30.516683,59.775718],[30.516462,59.77565],[30.516222,59.77565],[30.515801,59.77571],[30.515372,59.77574],[30.515063,59.775831],[30.514681,59.775912],[30.514411,59.775956],[30.514299,59.776017],[30.514452,59.776093],[30.514609,59.776156],[30.514505,59.776302],[30.514114,59.776379],[30.513089,59.776541],[30.512977,59.776479],[30.51296,59.776362],[30.512968,59.776293],[30.512866,59.776099],[30.512866,59.776],[30.512943,59.775917],[30.513114,59.775831],[30.513303,59.775745],[30.513423,59.775615],[30.513509,59.775459],[30.513458,59.775261],[30.513295,59.775006],[30.513011,59.77482],[30.512745,59.774734],[30.512479,59.774669],[30.51223,59.774535],[30.512084,59.774405],[30.51193,59.774228],[30.511887,59.774073],[30.511938,59.77387],[30.512136,59.773697],[30.512308,59.773589],[30.512488,59.773567],[30.51266,59.773632],[30.513003,59.773831],[30.51314,59.773831],[30.513269,59.773761],[30.513209,59.773692],[30.51278,59.773329],[30.512737,59.773217],[30.512866,59.773126],[30.51308,59.773061],[30.513389,59.773035],[30.513612,59.772988],[30.513775,59.77288],[30.514211,59.771973],[30.514233,59.771903],[30.514205,59.771848],[30.514067,59.771791],[30.513861,59.771757],[30.513441,59.771735],[30.513106,59.771692],[30.51278,59.771601],[30.512342,59.771454],[30.512033,59.771342],[30.511578,59.771143],[30.511226,59.770949],[30.510988,59.77076],[30.5109,59.770659],[30.510711,59.770559],[30.510557,59.7704],[30.510582,59.770227],[30.510677,59.770123],[30.510857,59.770054],[30.51114,59.769993],[30.511381,59.769993],[30.511552,59.770123],[30.511784,59.770171],[30.512033,59.770153],[30.512763,59.769998],[30.512908,59.769877],[30.513097,59.769747],[30.51314,59.769579],[30.513071,59.769449],[30.512681,59.769159],[30.512409,59.76893],[30.512207,59.768607],[30.512149,59.768428],[30.512146,59.768328],[30.512154,59.768184],[30.512089,59.768137],[30.511981,59.768109],[30.511888,59.768105],[30.51176,59.76813],[30.511367,59.768383],[30.511216,59.768537],[30.51102,59.768641],[30.510898,59.768698],[30.510761,59.768704],[30.510675,59.768661],[30.51061,59.768575],[30.510533,59.768434],[30.510526,59.768335],[30.510569,59.767699],[30.510656,59.767502],[30.5106,59.767262],[30.51057,59.767108],[30.510453,59.767066],[30.510313,59.767034],[30.510021,59.767021],[30.509782,59.767017],[30.509655,59.766988],[30.509647,59.766921],[30.509776,59.766856],[30.510238,59.766739],[30.51027,59.766693],[30.510206,59.766589],[30.510067,59.766528],[30.509815,59.766353],[30.509741,59.76624],[30.509685,59.766173],[30.509453,59.766022],[30.50941,59.765957],[30.509513,59.765862],[30.509565,59.765736],[30.50953,59.765602],[30.50953,59.765464],[30.509559,59.765369],[30.509562,59.765282],[30.509465,59.765164],[30.509326,59.765035],[30.508413,59.763823],[30.508077,59.763543],[30.507882,59.763429],[30.506922,59.76301],[30.50682,59.762949],[30.506764,59.762842],[30.506817,59.762716],[30.506996,59.762564],[30.508322,59.761554],[30.508644,59.761355],[30.508724,59.76127],[30.508868,59.76102],[30.508925,59.7609],[30.508898,59.76075],[30.508858,59.76066],[30.508896,59.760571],[30.509023,59.760505],[30.509546,59.760427],[30.509718,59.760332],[30.509847,59.760125],[30.509804,59.760038],[30.509366,59.759999],[30.50922,59.759913],[30.509185,59.759856],[30.509247,59.759782],[30.509608,59.759631],[30.509717,59.759556],[30.509741,59.759476],[30.509671,59.75942],[30.509513,59.75937],[30.509306,59.759374],[30.509073,59.759421],[30.50886,59.759532],[30.508567,59.759637],[30.508215,59.75966],[30.507996,59.759553],[30.507901,59.759416],[30.507979,59.759343],[30.508101,59.75927],[30.508347,59.759232],[30.508533,59.759161],[30.508585,59.759031],[30.508554,59.758921],[30.508551,59.758792],[30.508483,59.758675],[30.508374,59.758554],[30.508197,59.758454],[30.508146,59.758334],[30.508215,59.758206],[30.508396,59.758115],[30.508521,59.758014],[30.508679,59.757858],[30.508934,59.75768],[30.509439,59.757419],[30.509698,59.757359],[30.509977,59.757332],[30.510249,59.757268],[30.51034,59.757197],[30.510358,59.75709],[30.510323,59.756975],[30.510213,59.756863],[30.511505,59.756771],[30.512041,59.75649],[30.512749,59.756501],[30.513264,59.756101],[30.514208,59.755993],[30.514595,59.75569],[30.521182,59.753734],[30.524143,59.753388],[30.52307,59.747929],[30.548478,59.74912],[30.551209,59.749248],[30.556638,59.749492],[30.556777,59.749118],[30.556832,59.749021],[30.557233,59.748306],[30.557351,59.747919],[30.557592,59.747081],[30.557641,59.745944],[30.557598,59.7451],[30.557641,59.744733],[30.558081,59.744262],[30.558274,59.7439],[30.558274,59.743783],[30.558242,59.743733],[30.558173,59.743678],[30.557705,59.743484],[30.557351,59.743149],[30.557201,59.742943],[30.557276,59.742797],[30.557555,59.742686],[30.557587,59.742601],[30.557566,59.742497],[30.557351,59.742422],[30.557136,59.742357],[30.556761,59.742065],[30.556868,59.742011],[30.557405,59.74194],[30.557276,59.741827],[30.55719,59.741659],[30.557297,59.741292],[30.55645,59.741157],[30.556257,59.741151],[30.555624,59.740448],[30.555688,59.740113],[30.555366,59.739967],[30.555398,59.739773],[30.55557,59.739594],[30.555506,59.739032],[30.555645,59.738626],[30.555924,59.738261],[30.555935,59.737923],[30.556042,59.737502],[30.555993,59.737395],[30.555644,59.736839],[30.555472,59.736719],[30.5566,59.736265],[30.557863,59.736139],[30.558274,59.735677],[30.567336,59.731428],[30.569156,59.73091],[30.569637,59.730797],[30.570331,59.730674],[30.575904,59.730176],[30.576345,59.730006]]]}},{"type":"Feature","properties":{"id":"krasnogvardeysky","name":"Красногвардейский район","osm_relation_id":1114895},"geometry":{"type":"Polygon","coordinates":[[[30.402207,59.920632],[30.406845,59.917672],[30.409403,59.915431],[30.413174,59.916507],[30.416004,59.917121],[30.421723,59.918692],[30.421454,59.91853],[30.421723,59.918455],[30.423031,59.91903],[30.423769,59.919268],[30.425628,59.919891],[30.426636,59.920348],[30.427473,59.920805],[30.428954,59.92181],[30.432129,59.924311],[30.434147,59.925951],[30.436185,59.927225],[30.437386,59.927996],[30.437712,59.928151],[30.43905,59.928934],[30.441914,59.931112],[30.442418,59.930945],[30.443223,59.931568],[30.442826,59.931708],[30.44391,59.932789],[30.444682,59.933778],[30.445185,59.934413],[30.44757,59.936289],[30.448405,59.936586],[30.450109,59.936908],[30.451182,59.93694],[30.452045,59.936894],[30.452942,59.936775],[30.456678,59.936083],[30.461093,59.935283],[30.462249,59.935106],[30.463405,59.935],[30.468822,59.934695],[30.47286,59.934463],[30.473966,59.934397],[30.475921,59.934245],[30.480238,59.933966],[30.487211,59.93359],[30.496063,59.93309],[30.498359,59.933111],[30.501169,59.933579],[30.502983,59.934208],[30.50441,59.934923],[30.505527,59.935944],[30.507284,59.943599],[30.507709,59.945467],[30.507751,59.945623],[30.511347,59.962385],[30.512006,59.965829],[30.512311,59.967529],[30.51244,59.967852],[30.513101,59.970559],[30.513741,59.970698],[30.516794,59.97149],[30.516896,59.971387],[30.51729,59.971487],[30.517204,59.971572],[30.524899,59.973598],[30.526846,59.97409],[30.52785,59.973096],[30.527969,59.97305],[30.528167,59.973019],[30.528455,59.973017],[30.528771,59.97305],[30.529042,59.973107],[30.531718,59.973672],[30.532926,59.973943],[30.537258,59.975025],[30.543301,59.977483],[30.544485,59.976283],[30.552493,59.96899],[30.554313,59.969603],[30.555815,59.969904],[30.559274,59.96962],[30.560622,59.969869],[30.560991,59.97017],[30.561935,59.970265],[30.562536,59.97029],[30.563738,59.970535],[30.564278,59.970522],[30.564768,59.970686],[30.565326,59.970922],[30.566029,59.970965],[30.559185,59.973333],[30.556974,59.972736],[30.556171,59.973278],[30.557681,59.973641],[30.558208,59.973812],[30.555843,59.97528],[30.555617,59.97556],[30.55489,59.976307],[30.554358,59.976872],[30.554086,59.97718],[30.554008,59.978073],[30.554,59.978153],[30.554088,59.979231],[30.551751,59.979452],[30.551713,59.979366],[30.55159,59.978907],[30.551496,59.978416],[30.551208,59.978435],[30.551015,59.978438],[30.548434,59.978708],[30.548343,59.979503],[30.550822,59.98067],[30.551672,59.981192],[30.551283,59.981221],[30.550853,59.981374],[30.550698,59.981374],[30.550492,59.981316],[30.550291,59.981273],[30.550135,59.981321],[30.55004,59.981323],[30.550003,59.981278],[30.55004,59.98122],[30.549889,59.981175],[30.549706,59.981207],[30.549628,59.981154],[30.549665,59.981095],[30.549829,59.981037],[30.549738,59.98098],[30.54955,59.980969],[30.549367,59.980973],[30.549192,59.980848],[30.548938,59.980786],[30.548917,59.980726],[30.54886,59.980706],[30.548805,59.980775],[30.548696,59.98077],[30.548673,59.980619],[30.548417,59.980523],[30.548188,59.980511],[30.54817,59.980454],[30.547955,59.98037],[30.547745,59.980335],[30.547567,59.980358],[30.54721,59.980607],[30.546578,59.980546],[30.545779,59.980516],[30.544628,59.980518],[30.544532,59.98048],[30.544454,59.980496],[30.544413,59.980622],[30.543997,59.980618],[30.544074,59.980737],[30.543983,59.98078],[30.54396,59.980819],[30.544061,59.980936],[30.54391,59.98102],[30.543791,59.980984],[30.542977,59.98106],[30.542552,59.981111],[30.542484,59.981063],[30.54231,59.981065],[30.542136,59.981159],[30.542036,59.981124],[30.541876,59.981102],[30.541597,59.981153],[30.54141,59.981098],[30.541222,59.981121],[30.541099,59.981212],[30.540719,59.981276],[30.540706,59.981313],[30.540847,59.981416],[30.540776,59.981465],[30.540619,59.981539],[30.540573,59.981635],[30.540459,59.981674],[30.540463,59.98178],[30.540395,59.981811],[30.540194,59.981815],[30.540038,59.981854],[30.539631,59.981936],[30.539716,59.981998],[30.53957,59.982019],[30.539458,59.98197],[30.539291,59.981998],[30.539213,59.982048],[30.53919,59.98214],[30.538948,59.982163],[30.538822,59.982194],[30.538662,59.98227],[30.538502,59.982295],[30.538388,59.98222],[30.538109,59.982256],[30.538189,59.982357],[30.537961,59.98241],[30.537942,59.98232],[30.537805,59.982311],[30.537673,59.982373],[30.537362,59.982355],[30.537321,59.982419],[30.537376,59.982423],[30.537367,59.982467],[30.537229,59.982489],[30.537266,59.982574],[30.537408,59.982599],[30.537408,59.982634],[30.537266,59.982631],[30.537138,59.982602],[30.537047,59.98264],[30.536914,59.982634],[30.536594,59.982515],[30.536471,59.982526],[30.53637,59.982581],[30.536365,59.982652],[30.536521,59.982691],[30.536558,59.982759],[30.53626,59.982942],[30.536109,59.982977],[30.536018,59.982947],[30.536032,59.982875],[30.536146,59.982814],[30.536046,59.982773],[30.535863,59.982796],[30.535794,59.982908],[30.53568,59.982926],[30.535566,59.982862],[30.535424,59.98275],[30.53541,59.98265],[30.535369,59.982613],[30.535191,59.982615],[30.534926,59.982569],[30.534537,59.982597],[30.534455,59.982613],[30.534427,59.982666],[30.534464,59.982739],[30.534373,59.982768],[30.532919,59.982771],[30.532709,59.982789],[30.532421,59.982659],[30.532517,59.982581],[30.532352,59.982489],[30.532151,59.982444],[30.532069,59.982304],[30.531982,59.982275],[30.531548,59.981961],[30.531525,59.981831],[30.531479,59.981781],[30.531356,59.98176],[30.531072,59.98192],[30.530953,59.981859],[30.530867,59.981921],[30.530739,59.982059],[30.530291,59.981928],[30.529335,59.98202],[30.528782,59.981889],[30.528211,59.982042],[30.528106,59.982087],[30.52871,59.982414],[30.529676,59.982767],[30.529959,59.982956],[30.530133,59.983048],[30.53092,59.98313],[30.531247,59.983294],[30.531198,59.983532],[30.530835,59.983905],[30.530649,59.984239],[30.530815,59.984607],[30.530976,59.984654],[30.531142,59.984668],[30.531403,59.984526],[30.531493,59.984314],[30.532111,59.984125],[30.532383,59.984113],[30.532927,59.984398],[30.533126,59.984515],[30.533137,59.98464],[30.532778,59.984851],[30.532525,59.985184],[30.532584,59.985325],[30.532372,59.985671],[30.532341,59.985761],[30.532358,59.985889],[30.532473,59.985996],[30.532693,59.986096],[30.532972,59.986241],[30.533189,59.986433],[30.533234,59.986638],[30.533063,59.986936],[30.533166,59.987013],[30.533657,59.987114],[30.533864,59.987118],[30.534074,59.987099],[30.534609,59.986816],[30.534731,59.986648],[30.534928,59.986607],[30.535348,59.986655],[30.535958,59.986646],[30.536289,59.986637],[30.536414,59.986684],[30.536421,59.986787],[30.536272,59.986935],[30.536272,59.987096],[30.536503,59.987417],[30.537029,59.987822],[30.53753,59.987927],[30.537698,59.988016],[30.537779,59.988106],[30.537806,59.988359],[30.537945,59.988586],[30.537865,59.988679],[30.537568,59.988753],[30.536947,59.988853],[30.536632,59.988992],[30.53626,59.98909],[30.535657,59.989197],[30.535308,59.989194],[30.534966,59.989141],[30.534817,59.988958],[30.534892,59.988765],[30.534882,59.988713],[30.534689,59.98866],[30.533957,59.988693],[30.533702,59.988802],[30.533704,59.988902],[30.534184,59.989222],[30.534315,59.989337],[30.534278,59.989454],[30.53378,59.989775],[30.53383,59.99002],[30.533794,59.990128],[30.534027,59.990621],[30.534191,59.990656],[30.534333,59.990635],[30.534347,59.990546],[30.534523,59.990487],[30.534723,59.990321],[30.534695,59.990138],[30.534691,59.990003],[30.534718,59.989886],[30.534776,59.989838],[30.534862,59.989827],[30.53498,59.989845],[30.535233,59.990017],[30.535401,59.990158],[30.535549,59.990276],[30.53565,59.990388],[30.535867,59.990556],[30.535975,59.990591],[30.536143,59.990615],[30.53639,59.990687],[30.536541,59.990769],[30.536577,59.990847],[30.536567,59.990953],[30.53651,59.991097],[30.536143,59.991512],[30.536013,59.991819],[30.536122,59.991948],[30.536061,59.992123],[30.535923,59.992206],[30.535738,59.992289],[30.534695,59.992592],[30.524339,59.988212],[30.52005,59.986413],[30.517459,59.985337],[30.514456,59.985807],[30.512569,59.985838],[30.512148,59.986279],[30.511672,59.986384],[30.510397,59.986635],[30.508757,59.987265],[30.508091,59.987131],[30.507742,59.987492],[30.508258,59.987881],[30.508713,59.988444],[30.508813,59.988655],[30.508707,59.98881],[30.506172,59.990504],[30.507259,59.992789],[30.506563,59.993709],[30.505415,59.993994],[30.504203,59.994492],[30.503843,59.99489],[30.503548,59.995626],[30.503759,59.996299],[30.503729,59.996649],[30.503068,59.997669],[30.502636,59.998285],[30.503283,59.998871],[30.503519,59.999397],[30.502935,59.999672],[30.502354,60.000047],[30.50171,60.00018],[30.500234,60.0002],[30.499701,60.000174],[30.49949,60.000427],[30.499997,60.001063],[30.500189,60.001248],[30.500246,60.001373],[30.502916,60.003594],[30.503115,60.004152],[30.503279,60.004669],[30.503516,60.005329],[30.50369,60.005742],[30.504115,60.006079],[30.503984,60.006473],[30.499698,60.007357],[30.499443,60.007743],[30.499316,60.007944],[30.499272,60.008402],[30.495462,60.007869],[30.494765,60.008371],[30.494368,60.009088],[30.4939,60.009661],[30.492899,60.009483],[30.49251,60.009077],[30.490563,60.008385],[30.490156,60.008266],[30.489884,60.008652],[30.489591,60.009073],[30.489456,60.009307],[30.48935,60.009335],[30.489273,60.009413],[30.489451,60.00948],[30.489193,60.00986],[30.488805,60.010266],[30.488596,60.010273],[30.488328,60.010209],[30.488052,60.01022],[30.487959,60.010259],[30.487975,60.010295],[30.488271,60.010308],[30.488462,60.010396],[30.488533,60.010474],[30.488349,60.010754],[30.487938,60.011171],[30.487846,60.011376],[30.487708,60.011988],[30.487557,60.012337],[30.4871,60.012995],[30.486972,60.013002],[30.486682,60.01296],[30.486611,60.012988],[30.486625,60.01303],[30.487057,60.013151],[30.487071,60.013253],[30.486915,60.013646],[30.486445,60.014056],[30.486317,60.014371],[30.48624,60.014534],[30.485794,60.014703],[30.485794,60.014749],[30.486091,60.014756],[30.486247,60.014834],[30.486162,60.015368],[30.486261,60.015683],[30.486366,60.015774],[30.486724,60.016016],[30.486774,60.016104],[30.486866,60.016171],[30.486668,60.016246],[30.486639,60.016306],[30.487008,60.016331],[30.487298,60.01644],[30.487765,60.016858],[30.487956,60.017179],[30.488451,60.017641],[30.48866,60.017717],[30.488865,60.017738],[30.48905,60.01754],[30.489156,60.017526],[30.489347,60.017783],[30.489495,60.018483],[30.489637,60.018658],[30.489863,60.018693],[30.489807,60.018837],[30.489683,60.019271],[30.489347,60.020564],[30.489424,60.021166],[30.48936,60.02132],[30.489476,60.021433],[30.489671,60.022434],[30.489585,60.022666],[30.48911,60.023056],[30.488611,60.023273],[30.488386,60.023276],[30.488045,60.023184],[30.487571,60.022896],[30.487158,60.022588],[30.486391,60.021788],[30.484338,60.020499],[30.483803,60.020307],[30.483064,60.020193],[30.482178,60.020283],[30.48135,60.020618],[30.480432,60.021171],[30.47998,60.021977],[30.479864,60.022392],[30.479698,60.022518],[30.47946,60.022599],[30.479155,60.022651],[30.478261,60.022636],[30.476909,60.022415],[30.476581,60.022437],[30.475869,60.022702],[30.475655,60.022974],[30.475517,60.023611],[30.47561,60.023962],[30.475835,60.024585],[30.475853,60.024785],[30.475642,60.025021],[30.475166,60.025149],[30.474322,60.025179],[30.472805,60.024952],[30.471799,60.024727],[30.471062,60.024442],[30.47103,60.024422],[30.470396,60.02385],[30.470137,60.023374],[30.469618,60.023072],[30.468919,60.022694],[30.468459,60.022598],[30.46788,60.022636],[30.467577,60.022741],[30.467321,60.022909],[30.467213,60.023052],[30.467101,60.023249],[30.466884,60.023936],[30.466908,60.024307],[30.466756,60.024543],[30.466162,60.024784],[30.465719,60.02489],[30.46482,60.025062],[30.464285,60.025371],[30.464149,60.025542],[30.464202,60.025756],[30.464106,60.025836],[30.464376,60.025988],[30.464455,60.026172],[30.464915,60.026581],[30.465249,60.026807],[30.465658,60.026908],[30.466174,60.026908],[30.467103,60.026833],[30.467682,60.026845],[30.468088,60.026968],[30.468365,60.027144],[30.468428,60.027273],[30.468399,60.027365],[30.468239,60.027443],[30.467994,60.02749],[30.46529,60.027825],[30.464669,60.027877],[30.464134,60.027915],[30.463438,60.027932],[30.462758,60.028023],[30.462349,60.028127],[30.46218,60.02836],[30.462163,60.028612],[30.462703,60.029285],[30.462979,60.029672],[30.463729,60.030137],[30.463883,60.030358],[30.463972,60.030555],[30.464012,60.03081],[30.464514,60.031238],[30.464545,60.031266],[30.466236,60.03151],[30.466796,60.031548],[30.467193,60.03165],[30.468083,60.03228],[30.468276,60.032526],[30.468244,60.032768],[30.468296,60.033032],[30.468392,60.03317],[30.468412,60.033393],[30.468231,60.033556],[30.467791,60.033732],[30.466976,60.033755],[30.465263,60.033454],[30.464052,60.03396],[30.462498,60.034217],[30.461488,60.03454],[30.461294,60.034685],[30.461229,60.034995],[30.461197,60.035322],[30.461096,60.035628],[30.460539,60.036178],[30.459858,60.036618],[30.459292,60.037121],[30.458337,60.037539],[30.450849,60.039081],[30.449202,60.039447],[30.445297,60.040321],[30.441932,60.040946],[30.437612,60.039133],[30.437191,60.029633],[30.437144,60.026473],[30.437044,60.022885],[30.437144,60.022018],[30.437372,60.020226],[30.437399,60.019744],[30.437419,60.019138],[30.437251,60.018385],[30.436764,60.017216],[30.43647,60.016534],[30.436376,60.016108],[30.436333,60.015668],[30.436418,60.015036],[30.43658,60.014498],[30.437474,60.012199],[30.440021,60.005517],[30.440905,60.003199],[30.442174,59.999815],[30.439355,59.997186],[30.437878,59.995938],[30.433287,59.99162],[30.427261,59.985893],[30.421328,59.980316],[30.421197,59.98018],[30.421058,59.980053],[30.413587,59.973104],[30.412607,59.972176],[30.412475,59.972012],[30.41236,59.971846],[30.412154,59.971539],[30.411067,59.968914],[30.408696,59.963069],[30.408138,59.961622],[30.407193,59.959338],[30.407091,59.959158],[30.406932,59.958942],[30.403207,59.957032],[30.399584,59.955444],[30.402164,59.953837],[30.402648,59.953071],[30.402911,59.952384],[30.40306,59.951812],[30.403122,59.951],[30.403043,59.949907],[30.403018,59.948631],[30.401278,59.942948],[30.400202,59.938963],[30.39633,59.933129],[30.394281,59.929024],[30.395906,59.925739],[30.397196,59.924188],[30.402207,59.920632]]]}},{"type":"Feature","properties":{"id":"krasnoselsky","name":"Красносельский район","osm_relation_id":363103},"geometry":{"type":"MultiPolygon","coordinates":[[[[30.211491,59.797691],[30.210914,59.797743],[30.210474,59.797786],[30.208325,59.798205],[30.206185,59.79858],[30.204216,59.798906],[30.201012,59.799492],[30.200263,59.799655],[30.200176,59.799728],[30.200145,59.799813],[30.200215,59.800044],[30.200264,59.800177],[30.200121,59.800874],[30.20007,59.801098],[30.200001,59.801246],[30.199938,59.801334],[30.19987,59.801385],[30.199721,59.801411],[30.199388,59.801413],[30.199144,59.801481],[30.198884,59.801521],[30.198772,59.801605],[30.199007,59.801804],[30.199269,59.802355],[30.199644,59.80294],[30.200092,59.80369],[30.21057,59.802176],[30.214029,59.801951],[30.214776,59.801886],[30.216605,59.801553],[30.21726,59.801544],[30.217492,59.80158],[30.217605,59.801633],[30.217558,59.801729],[30.217183,59.802313],[30.219164,59.802609],[30.220363,59.804737],[30.22027,59.804802],[30.220771,59.804984],[30.220602,59.805128],[30.222354,59.808576],[30.222548,59.808783],[30.222713,59.808824],[30.223855,59.808809],[30.224218,59.81219],[30.226529,59.813077],[30.227336,59.813279],[30.227524,59.8133],[30.237178,59.812764],[30.239209,59.81306],[30.239994,59.813028],[30.244573,59.819143],[30.247513,59.82267],[30.248855,59.823468],[30.254651,59.82686],[30.264672,59.832723],[30.268545,59.834941],[30.26819,59.834854],[30.26296,59.833573],[30.25604,59.831956],[30.248047,59.830052],[30.237511,59.827453],[30.231535,59.825981],[30.227233,59.82514],[30.221997,59.824406],[30.216086,59.823921],[30.20953,59.823306],[30.202771,59.822751],[30.197718,59.822573],[30.192064,59.822713],[30.188212,59.822805],[30.185723,59.822934],[30.183712,59.822877],[30.186746,59.825676],[30.187129,59.826071],[30.188555,59.8275],[30.188979,59.827842],[30.18924,59.828043],[30.190148,59.828873],[30.190674,59.82942],[30.191973,59.830794],[30.193518,59.832122],[30.194321,59.832756],[30.194893,59.833214],[30.196573,59.834453],[30.197239,59.834943],[30.198932,59.83621],[30.199526,59.836637],[30.201746,59.838264],[30.203919,59.839882],[30.204886,59.840606],[30.206138,59.841481],[30.208008,59.842762],[30.210168,59.84422],[30.212192,59.845607],[30.216555,59.848558],[30.221246,59.851778],[30.228606,59.856757],[30.232097,59.859126],[30.239082,59.863852],[30.239277,59.863987],[30.237352,59.864016],[30.23543,59.86403],[30.233794,59.864056],[30.232948,59.864024],[30.231173,59.864072],[30.229354,59.864104],[30.229003,59.864128],[30.228001,59.864128],[30.227208,59.864239],[30.226237,59.864276],[30.225686,59.864286],[30.224978,59.864287],[30.22455,59.864304],[30.223936,59.864266],[30.223121,59.864256],[30.221511,59.864336],[30.220846,59.864336],[30.219537,59.864454],[30.218968,59.864486],[30.21825,59.864535],[30.217713,59.864594],[30.216812,59.86468],[30.21649,59.864718],[30.216222,59.864734],[30.215954,59.864745],[30.2155,59.864752],[30.215162,59.864763],[30.214756,59.864829],[30.214153,59.864954],[30.213855,59.86503],[30.213397,59.865161],[30.21318,59.865201],[30.212857,59.865243],[30.21258,59.865263],[30.212285,59.865306],[30.211843,59.865379],[30.211393,59.865449],[30.211069,59.865486],[30.21089,59.865511],[30.21039,59.865618],[30.210162,59.86568],[30.209879,59.865771],[30.209767,59.865815],[30.209356,59.865917],[30.20908,59.866001],[30.208628,59.866131],[30.207213,59.86657],[30.206945,59.866688],[30.206719,59.866751],[30.206324,59.866844],[30.205921,59.866946],[30.205435,59.867078],[30.204999,59.867202],[30.204581,59.867368],[30.204355,59.867488],[30.204113,59.867647],[30.203916,59.867817],[30.203761,59.867964],[30.203616,59.868091],[30.203453,59.868196],[30.203164,59.868305],[30.202749,59.868407],[30.202279,59.868473],[30.201823,59.868532],[30.201403,59.868609],[30.201059,59.868703],[30.200859,59.868804],[30.20068,59.868952],[30.200592,59.869013],[30.200462,59.869028],[30.200074,59.869021],[30.199869,59.868982],[30.199621,59.868919],[30.199381,59.868838],[30.199094,59.868713],[30.19862,59.868596],[30.198153,59.868516],[30.197671,59.868392],[30.197375,59.868386],[30.196857,59.868313],[30.19636,59.868167],[30.195176,59.867915],[30.194724,59.867863],[30.192804,59.86776],[30.192316,59.867694],[30.191955,59.867622],[30.191591,59.867587],[30.191176,59.86758],[30.190554,59.867604],[30.189972,59.86761],[30.18944,59.867611],[30.188889,59.867608],[30.188603,59.867596],[30.188341,59.867556],[30.187681,59.86753],[30.187434,59.867513],[30.186862,59.867431],[30.186386,59.867337],[30.186121,59.867265],[30.18593,59.867193],[30.185732,59.867101],[30.185559,59.86699],[30.185278,59.8666],[30.185167,59.866562],[30.184978,59.866555],[30.184554,59.866645],[30.184065,59.866799],[30.183955,59.866818],[30.183823,59.866818],[30.183504,59.866757],[30.183247,59.866717],[30.182594,59.86668],[30.182284,59.866678],[30.181891,59.866689],[30.181604,59.866705],[30.181391,59.866732],[30.181214,59.866768],[30.181082,59.866838],[30.180916,59.866909],[30.180761,59.867018],[30.180663,59.867118],[30.180507,59.867316],[30.180391,59.867489],[30.180334,59.86766],[30.180326,59.867786],[30.180305,59.86784],[30.180211,59.867892],[30.179923,59.86801],[30.179811,59.868104],[30.179796,59.868251],[30.179763,59.86832],[30.179651,59.868373],[30.179516,59.86839],[30.179434,59.868406],[30.179266,59.86846],[30.17911,59.868522],[30.17893,59.868558],[30.178758,59.868609],[30.178612,59.868709],[30.178448,59.868854],[30.178199,59.869062],[30.177907,59.869266],[30.177717,59.869362],[30.177332,59.869533],[30.177157,59.869661],[30.177036,59.869794],[30.176969,59.869856],[30.176797,59.869917],[30.176625,59.870035],[30.176391,59.870146],[30.176153,59.870235],[30.175625,59.870353],[30.17539,59.870311],[30.172929,59.870515],[30.172636,59.870098],[30.172401,59.870012],[30.172199,59.869927],[30.171909,59.869742],[30.17184,59.869575],[30.171411,59.869589],[30.171022,59.869653],[30.170673,59.869756],[30.170461,59.86992],[30.170613,59.869964],[30.170739,59.870033],[30.170767,59.870068],[30.17078,59.870112],[30.170713,59.870191],[30.170616,59.870219],[30.170478,59.870229],[30.170331,59.870222],[30.170161,59.870197],[30.169995,59.87025],[30.169781,59.870377],[30.170096,59.870415],[30.170621,59.870466],[30.170696,59.870552],[30.170495,59.870644],[30.17002,59.870655],[30.169671,59.870607],[30.169214,59.87078],[30.168544,59.87094],[30.168257,59.870963],[30.167753,59.870946],[30.167324,59.871006],[30.167003,59.871124],[30.166608,59.871221],[30.166431,59.871259],[30.166282,59.871254],[30.166116,59.87128],[30.165906,59.871299],[30.165765,59.871281],[30.165601,59.871305],[30.165377,59.871274],[30.165115,59.87125],[30.164917,59.87121],[30.164765,59.871097],[30.164447,59.871177],[30.164214,59.871221],[30.163948,59.871239],[30.16365,59.871211],[30.163506,59.871151],[30.163454,59.871055],[30.163568,59.870968],[30.163754,59.870888],[30.163838,59.870813],[30.163858,59.87074],[30.163823,59.870655],[30.163724,59.870558],[30.163567,59.870421],[30.163372,59.870273],[30.16316,59.870177],[30.156227,59.871743],[30.155992,59.871788],[30.155845,59.871859],[30.155771,59.871883],[30.155695,59.871892],[30.155628,59.871888],[30.155557,59.87187],[30.155442,59.871811],[30.155216,59.87164],[30.155098,59.871528],[30.155043,59.871459],[30.154983,59.871338],[30.154973,59.871275],[30.154984,59.871209],[30.15501,59.871141],[30.155052,59.871071],[30.155142,59.87094],[30.155248,59.870815],[30.15528,59.870728],[30.155262,59.870673],[30.155168,59.870568],[30.155106,59.870523],[30.154934,59.870427],[30.154675,59.870323],[30.154523,59.870239],[30.154413,59.870138],[30.15432,59.870035],[30.154256,59.869986],[30.154054,59.86985],[30.153939,59.86978],[30.153781,59.869659],[30.153637,59.869541],[30.153566,59.869509],[30.153483,59.869486],[30.15338,59.869472],[30.153172,59.869466],[30.152873,59.86945],[30.152736,59.869431],[30.152557,59.869388],[30.152488,59.869355],[30.152429,59.869314],[30.152343,59.869222],[30.151966,59.868751],[30.151888,59.868663],[30.151801,59.868549],[30.151712,59.868449],[30.151518,59.868246],[30.150401,59.867162],[30.150239,59.867022],[30.150095,59.866907],[30.149935,59.866785],[30.149758,59.866656],[30.148921,59.866096],[30.148634,59.86593],[30.148252,59.865742],[30.146151,59.865023],[30.14347,59.864268],[30.142584,59.864013],[30.142407,59.863958],[30.142284,59.863911],[30.142237,59.863882],[30.142213,59.863847],[30.142213,59.863751],[30.142247,59.86366],[30.142252,59.863614],[30.142232,59.863576],[30.142184,59.863539],[30.142039,59.863495],[30.141057,59.863276],[30.140945,59.86324],[30.140856,59.863205],[30.140712,59.863134],[30.14065,59.863111],[30.140501,59.863086],[30.140054,59.863054],[30.139968,59.863046],[30.139897,59.86303],[30.139844,59.863002],[30.139806,59.862963],[30.139786,59.862872],[30.139784,59.862665],[30.139738,59.862584],[30.139625,59.862511],[30.139444,59.862444],[30.138955,59.862307],[30.13889,59.862293],[30.138691,59.862265],[30.138604,59.862244],[30.138443,59.862189],[30.137898,59.862044],[30.137488,59.861939],[30.137327,59.861907],[30.136905,59.861857],[30.136657,59.861832],[30.136387,59.861813],[30.135912,59.86179],[30.135678,59.861772],[30.135443,59.861746],[30.135214,59.861725],[30.134986,59.861712],[30.1348,59.861709],[30.134058,59.861686],[30.133731,59.861694],[30.13335,59.861691],[30.133191,59.861693],[30.133008,59.861704],[30.132845,59.861724],[30.132692,59.861752],[30.132516,59.861817],[30.132446,59.861864],[30.132327,59.861975],[30.132274,59.862032],[30.131916,59.862291],[30.131842,59.86237],[30.131822,59.862405],[30.131826,59.862441],[30.131854,59.862475],[30.132105,59.862605],[30.132239,59.8627],[30.132394,59.862789],[30.132857,59.863039],[30.132917,59.863075],[30.132962,59.863138],[30.132912,59.863184],[30.132858,59.863189],[30.132756,59.863166],[30.132645,59.863107],[30.131885,59.86265],[30.131816,59.862624],[30.13172,59.862604],[30.131606,59.862592],[30.131473,59.862589],[30.129741,59.862574],[30.126689,59.862591],[30.121595,59.862659],[30.121367,59.862692],[30.120507,59.862703],[30.120227,59.862718],[30.118802,59.862738],[30.118385,59.862773],[30.118074,59.862796],[30.118006,59.86279],[30.117745,59.862728],[30.117616,59.862656],[30.11756,59.862478],[30.117509,59.862358],[30.117518,59.862266],[30.117563,59.862206],[30.117532,59.862153],[30.117482,59.862123],[30.1174,59.861959],[30.117313,59.861861],[30.117251,59.861768],[30.117192,59.861709],[30.117143,59.86156],[30.117106,59.861483],[30.117117,59.861407],[30.11718,59.861339],[30.117234,59.861232],[30.117203,59.860995],[30.117163,59.860821],[30.117109,59.860723],[30.117128,59.86066],[30.117225,59.860562],[30.117207,59.860528],[30.117225,59.86046],[30.117199,59.860399],[30.117199,59.860331],[30.117167,59.86029],[30.117212,59.860161],[30.117225,59.860093],[30.117212,59.860042],[30.117259,59.860016],[30.117189,59.859978],[30.117203,59.85992],[30.117171,59.859849],[30.117173,59.859793],[30.117245,59.859694],[30.117251,59.859616],[30.117311,59.859484],[30.117367,59.859426],[30.117335,59.859382],[30.117313,59.859314],[30.117389,59.859185],[30.117383,59.859082],[30.117363,59.85899],[30.117391,59.858882],[30.117362,59.858845],[30.117288,59.858817],[30.117073,59.858785],[30.116996,59.858821],[30.116985,59.859044],[30.11697,59.859196],[30.116932,59.859224],[30.116799,59.859211],[30.116736,59.859404],[30.11682,59.85945],[30.116779,59.85953],[30.116768,59.859708],[30.116819,59.859839],[30.116778,59.860434],[30.116706,59.8607],[30.116705,59.860866],[30.116721,59.861207],[30.116588,59.861392],[30.116585,59.861573],[30.116545,59.861606],[30.116553,59.861656],[30.116639,59.861685],[30.116688,59.861761],[30.11671,59.861845],[30.116687,59.861933],[30.11656,59.862063],[30.116465,59.862307],[30.116566,59.862361],[30.116564,59.862434],[30.116452,59.862466],[30.116362,59.862645],[30.116356,59.862805],[30.116304,59.862926],[30.116247,59.862979],[30.116069,59.863017],[30.115946,59.862996],[30.115836,59.862955],[30.115794,59.862853],[30.115776,59.862767],[30.115555,59.862717],[30.115157,59.862786],[30.114346,59.862836],[30.113943,59.862834],[30.113691,59.862766],[30.113498,59.86266],[30.113445,59.862574],[30.11346,59.862482],[30.113571,59.862374],[30.113715,59.862319],[30.113194,59.862122],[30.112975,59.861942],[30.111905,59.862531],[30.11161,59.86245],[30.111433,59.86225],[30.11099,59.862073],[30.110468,59.862123],[30.110543,59.862291],[30.110991,59.862334],[30.111074,59.862652],[30.110892,59.862962],[30.109416,59.863528],[30.108804,59.863217],[30.108405,59.863276],[30.107555,59.863236],[30.107747,59.863528],[30.107058,59.863565],[30.106279,59.862772],[30.10511,59.86312],[30.104195,59.863178],[30.10312,59.86354],[30.102376,59.863721],[30.10186,59.86383],[30.10114,59.86424],[30.10063,59.86425],[30.09959,59.86402],[30.09852,59.86353],[30.098551,59.858919],[30.098669,59.8581],[30.098401,59.855331],[30.100595,59.853979],[30.100573,59.853406],[30.096399,59.853852],[30.096153,59.853868],[30.095891,59.85387],[30.095623,59.853867],[30.095415,59.85385],[30.095229,59.853831],[30.094746,59.853744],[30.094188,59.853619],[30.092607,59.85327],[30.090712,59.852885],[30.090491,59.852846],[30.090558,59.852762],[30.090584,59.852649],[30.090595,59.852264],[30.090637,59.851317],[30.090699,59.850057],[30.090782,59.848225],[30.090787,59.848134],[30.090926,59.845989],[30.090936,59.845642],[30.090991,59.844988],[30.091149,59.84256],[30.091216,59.840982],[30.091248,59.840407],[30.091325,59.839412],[30.091467,59.837248],[30.091526,59.836318],[30.091543,59.835928],[30.08671,59.835323],[30.08614,59.834678],[30.086071,59.834608],[30.083587,59.835154],[30.075516,59.837055],[30.069737,59.838423],[30.07017,59.836579],[30.070224,59.836358],[30.07069,59.834232],[30.071306,59.831813],[30.071901,59.829318],[30.072004,59.828879],[30.072071,59.828544],[30.072268,59.827704],[30.07268,59.826102],[30.072858,59.825375],[30.07301,59.824705],[30.073273,59.823581],[30.073542,59.822555],[30.073804,59.821469],[30.073999,59.820593],[30.07405,59.82036],[30.074265,59.819495],[30.074341,59.819196],[30.074367,59.819057],[30.07447,59.818664],[30.074578,59.818286],[30.074666,59.817907],[30.07493,59.816682],[30.075289,59.815234],[30.085892,59.816138],[30.090966,59.81486],[30.104684,59.817297],[30.127686,59.809065],[30.123416,59.804456],[30.110023,59.803261],[30.109781,59.80333],[30.109515,59.803171],[30.104898,59.802861],[30.105605,59.797359],[30.105201,59.796939],[30.099292,59.796306],[30.099213,59.796154],[30.098784,59.795499],[30.098689,59.795191],[30.098699,59.794866],[30.098674,59.794626],[30.098207,59.790039],[30.098261,59.789396],[30.09866,59.787078],[30.098834,59.786237],[30.098805,59.785879],[30.098512,59.78526],[30.097841,59.784351],[30.097951,59.783927],[30.09627,59.783369],[30.096667,59.782989],[30.097049,59.78273],[30.09605,59.782423],[30.095815,59.782616],[30.094821,59.782476],[30.094486,59.782427],[30.091418,59.782067],[30.090719,59.781524],[30.090737,59.781422],[30.083929,59.778596],[30.084633,59.77573],[30.078272,59.773191],[30.071838,59.771114],[30.062923,59.768197],[30.05638,59.766057],[30.04535,59.765526],[30.043343,59.764183],[30.043824,59.762388],[30.055964,59.763282],[30.056304,59.761867],[30.057901,59.761952],[30.060568,59.762191],[30.060904,59.761149],[30.061631,59.758765],[30.062013,59.757686],[30.06197,59.757012],[30.069866,59.756847],[30.070361,59.755972],[30.071847,59.755986],[30.071865,59.755944],[30.071994,59.755268],[30.066533,59.755266],[30.068261,59.752731],[30.062477,59.752127],[30.062838,59.751064],[30.063989,59.749886],[30.070883,59.749743],[30.076139,59.747922],[30.071907,59.745851],[30.061728,59.740868],[30.055093,59.735185],[30.05612,59.733961],[30.055806,59.733774],[30.054887,59.733263],[30.055298,59.733065],[30.05381,59.732044],[30.053689,59.732088],[30.053455,59.731928],[30.053576,59.731882],[30.051332,59.730343],[30.050915,59.730037],[30.050048,59.730004],[30.050255,59.728198],[30.047369,59.725358],[30.047599,59.724494],[30.045779,59.719584],[30.03842,59.720697],[30.034965,59.717854],[30.040474,59.71547],[30.040992,59.715242],[30.050018,59.717324],[30.05048,59.716988],[30.051366,59.716116],[30.055549,59.713075],[30.072254,59.716784],[30.073276,59.715599],[30.078757,59.715987],[30.080679,59.71573],[30.081127,59.715772],[30.082111,59.714348],[30.082621,59.713681],[30.083056,59.71315],[30.085246,59.710897],[30.100898,59.699199],[30.102305,59.699303],[30.105676,59.699312],[30.106797,59.699233],[30.106857,59.699559],[30.107143,59.69969],[30.107409,59.699716],[30.10833,59.700497],[30.109023,59.700613],[30.109182,59.700583],[30.109226,59.700537],[30.109473,59.700472],[30.109575,59.700418],[30.109694,59.70038],[30.109713,59.700344],[30.109678,59.700257],[30.109599,59.700168],[30.109603,59.700097],[30.109715,59.700064],[30.109762,59.700001],[30.1101,59.699918],[30.110191,59.699722],[30.110191,59.699597],[30.110148,59.699546],[30.110164,59.699516],[30.110379,59.699538],[30.110478,59.699526],[30.110675,59.699439],[30.11082,59.699328],[30.111006,59.699253],[30.111152,59.699227],[30.111362,59.699244],[30.111582,59.699195],[30.111802,59.699133],[30.112194,59.699068],[30.112396,59.699046],[30.112415,59.699071],[30.112475,59.699074],[30.112753,59.698963],[30.112899,59.69896],[30.112986,59.698904],[30.112939,59.698704],[30.113016,59.698689],[30.113124,59.698706],[30.113178,59.698896],[30.113233,59.698931],[30.113354,59.698957],[30.113567,59.698973],[30.11369,59.699009],[30.113715,59.699077],[30.113638,59.699171],[30.113613,59.699264],[30.113621,59.699375],[30.113665,59.699468],[30.11384,59.699437],[30.11439,59.699324],[30.115711,59.699138],[30.115991,59.699068],[30.115002,59.698143],[30.11362,59.697248],[30.114049,59.697134],[30.114359,59.697046],[30.114145,59.696373],[30.113983,59.695519],[30.114203,59.695066],[30.112598,59.695003],[30.112748,59.69407],[30.116507,59.694388],[30.117125,59.69441],[30.11779,59.694361],[30.117756,59.694298],[30.117372,59.693988],[30.117182,59.693785],[30.117052,59.693591],[30.116961,59.693439],[30.119128,59.693545],[30.119718,59.693563],[30.119883,59.69309],[30.119979,59.692678],[30.119897,59.692439],[30.119772,59.692273],[30.119926,59.692154],[30.12031,59.692112],[30.121089,59.692105],[30.121565,59.692018],[30.12272,59.692069],[30.123272,59.692134],[30.124338,59.692284],[30.126984,59.693215],[30.128121,59.693668],[30.129794,59.694204],[30.130634,59.693588],[30.131051,59.693692],[30.131778,59.693903],[30.132228,59.694045],[30.132627,59.694221],[30.133173,59.694469],[30.133743,59.694757],[30.134288,59.695159],[30.13517,59.695935],[30.135705,59.696245],[30.135901,59.696393],[30.136022,59.696574],[30.136129,59.696835],[30.136227,59.697175],[30.136338,59.69771],[30.13632,59.698225],[30.136357,59.698814],[30.136323,59.699053],[30.135959,59.699526],[30.135515,59.700053],[30.135405,59.70037],[30.135918,59.700316],[30.136834,59.700323],[30.13751,59.700404],[30.133084,59.705309],[30.133015,59.70556],[30.132744,59.705839],[30.132766,59.706091],[30.132609,59.7067],[30.132329,59.706799],[30.131292,59.706895],[30.131306,59.706652],[30.130029,59.706591],[30.12999,59.706875],[30.129883,59.706922],[30.125365,59.70694],[30.125219,59.706751],[30.124228,59.706814],[30.123451,59.706884],[30.123222,59.707842],[30.123021,59.70813],[30.122752,59.708206],[30.122458,59.708908],[30.121895,59.708768],[30.121958,59.708675],[30.121484,59.708548],[30.121575,59.708128],[30.120688,59.707956],[30.120479,59.707952],[30.120138,59.708212],[30.119076,59.708907],[30.119117,59.708921],[30.118471,59.709345],[30.116916,59.710382],[30.116529,59.71067],[30.115613,59.71143],[30.115301,59.711718],[30.115241,59.711766],[30.115129,59.71181],[30.114995,59.711829],[30.113115,59.713392],[30.112813,59.713647],[30.109311,59.716488],[30.108869,59.717437],[30.110044,59.717513],[30.109977,59.71772],[30.109947,59.717987],[30.109875,59.718126],[30.108569,59.718061],[30.108303,59.718606],[30.110599,59.718434],[30.111243,59.718486],[30.109856,59.723509],[30.10951,59.723587],[30.108705,59.723913],[30.107815,59.724227],[30.107584,59.724342],[30.107029,59.724313],[30.106895,59.724448],[30.106686,59.7254],[30.106179,59.726217],[30.106487,59.726235],[30.106498,59.726276],[30.106435,59.726456],[30.106503,59.726461],[30.106436,59.727085],[30.106613,59.727239],[30.106566,59.728908],[30.106153,59.729032],[30.104888,59.729248],[30.104738,59.729269],[30.104932,59.729532],[30.105439,59.730165],[30.105549,59.730308],[30.105768,59.730422],[30.106393,59.730556],[30.108635,59.731005],[30.108633,59.731029],[30.110801,59.734206],[30.11095,59.734202],[30.111984,59.735635],[30.110365,59.736066],[30.108981,59.736403],[30.109311,59.736889],[30.109623,59.737181],[30.109713,59.737631],[30.108687,59.737816],[30.109612,59.738709],[30.111017,59.738721],[30.114921,59.74125],[30.115859,59.741397],[30.119521,59.745815],[30.119908,59.747357],[30.119259,59.748869],[30.117619,59.75415],[30.117015,59.75719],[30.118139,59.760129],[30.117987,59.761779],[30.116656,59.761837],[30.116631,59.762176],[30.122156,59.76204],[30.141686,59.76117],[30.143781,59.763169],[30.152776,59.771754],[30.14599,59.774383],[30.146271,59.774737],[30.146178,59.774761],[30.148506,59.777293],[30.148339,59.777339],[30.148635,59.777664],[30.147435,59.77798],[30.149932,59.780533],[30.153067,59.783276],[30.155089,59.78494],[30.155333,59.784939],[30.155572,59.785852],[30.154037,59.786217],[30.154078,59.78657],[30.154236,59.786641],[30.154465,59.786728],[30.154715,59.786874],[30.154848,59.786931],[30.15527,59.787081],[30.155757,59.787143],[30.156678,59.787241],[30.157385,59.787364],[30.157707,59.787403],[30.15794,59.787462],[30.158103,59.78752],[30.158391,59.787674],[30.158568,59.78778],[30.158712,59.787849],[30.158899,59.787977],[30.159009,59.788036],[30.159014,59.788118],[30.158993,59.788186],[30.158997,59.788612],[30.15899,59.788877],[30.158942,59.789089],[30.158915,59.78934],[30.158884,59.789527],[30.158843,59.78965],[30.158711,59.789843],[30.158685,59.789971],[30.158711,59.790092],[30.158772,59.790297],[30.158864,59.790435],[30.158991,59.790566],[30.159154,59.790705],[30.159287,59.790825],[30.159363,59.790925],[30.159389,59.791038],[30.159409,59.791238],[30.159419,59.791459],[30.159378,59.791641],[30.159322,59.791751],[30.159327,59.791823],[30.159312,59.792038],[30.159327,59.792198],[30.159363,59.7923],[30.159406,59.792376],[30.158855,59.792571],[30.159735,59.793294],[30.160086,59.793623],[30.162814,59.796269],[30.16206,59.796539],[30.161123,59.796743],[30.160186,59.796879],[30.15898,59.79688],[30.157037,59.796849],[30.155429,59.796783],[30.153877,59.796886],[30.156457,59.798922],[30.159321,59.801171],[30.176563,59.79605],[30.179821,59.793485],[30.177529,59.791521],[30.178785,59.791076],[30.179616,59.790784],[30.179839,59.790882],[30.180755,59.791042],[30.181356,59.791128],[30.181788,59.791119],[30.18305,59.790965],[30.183579,59.790985],[30.184669,59.791069],[30.18575,59.791178],[30.188682,59.791388],[30.188878,59.791416],[30.188982,59.791472],[30.189401,59.791685],[30.190234,59.792032],[30.192369,59.792759],[30.192732,59.792824],[30.194007,59.79324],[30.195432,59.793728],[30.196938,59.794206],[30.198025,59.794576],[30.198781,59.794772],[30.199257,59.794933],[30.201188,59.795509],[30.203566,59.796089],[30.204317,59.796222],[30.205104,59.796504],[30.206401,59.796754],[30.207835,59.797036],[30.20928,59.797372],[30.209769,59.797456],[30.21008,59.797516],[30.210674,59.797496],[30.210846,59.79748],[30.211308,59.797543],[30.211491,59.797691]],[[30.129506,59.782502],[30.149932,59.800926],[30.155386,59.799248],[30.152675,59.796972],[30.150408,59.794973],[30.14844,59.793294],[30.146252,59.791527],[30.14571,59.79109],[30.143023,59.788834],[30.139295,59.785566],[30.137835,59.786008],[30.133261,59.782005],[30.129506,59.782502]]],[[[30.065057,59.668303],[30.073311,59.667374],[30.082713,59.676082],[30.083952,59.680295],[30.072826,59.679745],[30.065169,59.677984],[30.065326,59.676377],[30.065057,59.668303]]]]}},{"type":"Feature","properties":{"id":"kronshtadtsky","name":"Кронштадтский район","osm_relation_id":1115082},"geometry":{"type":"MultiPolygon","coordinates":[[[[29.541568,60.042483],[29.541836,60.04232],[29.542178,60.042212],[29.542311,60.042224],[29.54297,60.042204],[29.543217,60.042282],[29.543281,60.042323],[29.543317,60.042361],[29.543309,60.042414],[29.543117,60.042483],[29.543038,60.042568],[29.543022,60.042645],[29.542998,60.042669],[29.542793,60.042754],[29.542534,60.042742],[29.542302,60.042834],[29.542218,60.042814],[29.541873,60.043089],[29.541781,60.043035],[29.54181,60.042936],[29.541721,60.042879],[29.541929,60.042749],[29.541765,60.042705],[29.541568,60.042483]]],[[[29.670498,59.937642],[29.670559,59.937663],[29.670614,59.937669],[29.670998,59.937664],[29.671071,59.937643],[29.671204,59.937646],[29.672054,59.937561],[29.672939,59.937407],[29.673016,59.937383],[29.673035,59.937363],[29.674218,59.940362],[29.674267,59.940482],[29.674231,59.940515],[29.67414,59.940542],[29.674192,59.940777],[29.674237,59.941265],[29.674342,59.941521],[29.674395,59.941828],[29.674495,59.942078],[29.674748,59.94283],[29.674876,59.943145],[29.675311,59.943455],[29.675635,59.943748],[29.675831,59.94405],[29.676016,59.944486],[29.676137,59.944887],[29.676254,59.945212],[29.676318,59.945524],[29.676388,59.945647],[29.676413,59.945811],[29.67651,59.946115],[29.676533,59.946267],[29.676388,59.94657],[29.67638,59.946815],[29.677602,59.949785],[29.677812,59.949929],[29.677885,59.95011],[29.678102,59.950215],[29.678255,59.950461],[29.678431,59.951021],[29.678536,59.951331],[29.678709,59.951824],[29.679329,59.953353],[29.679517,59.95384],[29.679809,59.954461],[29.680002,59.95497],[29.680045,59.955194],[29.680557,59.956499],[29.680609,59.956852],[29.6814,59.958793],[29.681435,59.958897],[29.681446,59.959038],[29.681315,59.959243],[29.681321,59.959396],[29.681422,59.959678],[29.681684,59.960074],[29.681813,59.960388],[29.682035,59.960817],[29.682113,59.960829],[29.682158,59.960856],[29.682195,59.960972],[29.68321,59.963485],[29.683457,59.964154],[29.683549,59.964558],[29.683548,59.96469],[29.683687,59.965116],[29.683789,59.965265],[29.684076,59.966127],[29.684242,59.966272],[29.684314,59.966365],[29.684355,59.966542],[29.684881,59.967856],[29.68507,59.96818],[29.685569,59.969443],[29.686503,59.971907],[29.686567,59.972041],[29.686486,59.972254],[29.68684,59.973078],[29.687057,59.973252],[29.687323,59.973876],[29.687338,59.973998],[29.687282,59.974049],[29.687307,59.974194],[29.687732,59.975303],[29.687934,59.975481],[29.687984,59.975664],[29.688315,59.976453],[29.688368,59.976573],[29.688264,59.976806],[29.688232,59.976923],[29.688385,59.977245],[29.688411,59.977456],[29.688725,59.977716],[29.688746,59.977813],[29.689071,59.978524],[29.688966,59.978805],[29.689098,59.979108],[29.68984,59.980638],[29.690822,59.981177],[29.691502,59.981466],[29.692826,59.982167],[29.693148,59.982449],[29.69384,59.983197],[29.694266,59.98366],[29.695936,59.985627],[29.696494,59.986573],[29.69713,59.987245],[29.697339,59.987329],[29.697604,59.987366],[29.698738,59.987619],[29.699559,59.987836],[29.699905,59.987913],[29.700186,59.988025],[29.70017,59.98815],[29.700484,59.988211],[29.700701,59.988267],[29.700798,59.988343],[29.700765,59.988436],[29.700685,59.988488],[29.700524,59.988508],[29.700243,59.988472],[29.700122,59.98844],[29.699953,59.988456],[29.699543,59.988383],[29.698875,59.988231],[29.698336,59.988106],[29.697829,59.987961],[29.697443,59.987856],[29.697212,59.98785],[29.696977,59.98786],[29.696727,59.987897],[29.696502,59.98795],[29.696327,59.988038],[29.696348,59.988291],[29.696661,59.98829],[29.69666,59.988277],[29.696831,59.988276],[29.696834,59.988396],[29.696674,59.988397],[29.696673,59.988363],[29.69635,59.988366],[29.696321,59.988546],[29.696569,59.988978],[29.696591,59.989095],[29.69676,59.989124],[29.696799,59.989218],[29.696873,59.989437],[29.696886,59.989576],[29.696847,59.989686],[29.698602,59.991952],[29.698504,59.992897],[29.699128,59.993789],[29.699081,59.993822],[29.698942,59.993843],[29.699369,59.994429],[29.699305,59.994597],[29.700013,59.995676],[29.700094,59.995704],[29.700195,59.9957],[29.700086,59.99542],[29.700773,59.994967],[29.701105,59.99494],[29.701684,59.994531],[29.701837,59.994428],[29.701962,59.994374],[29.702452,59.994236],[29.702378,59.99418],[29.702678,59.994067],[29.70311,59.993917],[29.703365,59.993802],[29.703541,59.993798],[29.703668,59.993857],[29.704099,59.993721],[29.704431,59.99346],[29.704046,59.993035],[29.70385,59.99298],[29.703587,59.992611],[29.703046,59.992024],[29.703381,59.991943],[29.703162,59.991704],[29.703199,59.99162],[29.703394,59.991578],[29.703533,59.991625],[29.703648,59.991767],[29.703795,59.991737],[29.705071,59.993201],[29.705576,59.993269],[29.706166,59.993301],[29.706282,59.993474],[29.706447,59.993628],[29.706625,59.993708],[29.706877,59.993702],[29.707027,59.994155],[29.707127,59.994462],[29.706863,59.994523],[29.70659,59.994557],[29.706334,59.994526],[29.706176,59.994639],[29.705963,59.994636],[29.705492,59.994515],[29.705371,59.994507],[29.704372,59.994709],[29.703167,59.994881],[29.70295,59.994986],[29.702759,59.995091],[29.702535,59.99527],[29.702462,59.995421],[29.702475,59.995512],[29.702527,59.995479],[29.702612,59.995508],[29.702431,59.995623],[29.70247,59.995744],[29.702569,59.995795],[29.703047,59.995803],[29.703426,59.995935],[29.703524,59.995997],[29.703564,59.996097],[29.703681,59.996365],[29.703815,59.996556],[29.703844,59.99664],[29.70391,59.996752],[29.703833,59.996839],[29.703373,59.997719],[29.703636,59.997978],[29.703657,59.998059],[29.704145,59.998248],[29.704382,59.998216],[29.704579,59.998109],[29.70537,59.997484],[29.705639,59.997422],[29.705834,59.997427],[29.705739,59.997455],[29.705704,59.997499],[29.705403,59.997558],[29.704896,59.997946],[29.704555,59.99821],[29.70452,59.998482],[29.70451,59.998644],[29.704581,59.998799],[29.704749,59.998947],[29.705212,59.999152],[29.705384,59.999168],[29.708778,60.002385],[29.709009,60.002329],[29.710692,60.003893],[29.711276,60.004449],[29.711523,60.004387],[29.712853,60.005589],[29.715523,60.004866],[29.71593,60.004752],[29.716265,60.005037],[29.716231,60.005095],[29.71626,60.005135],[29.716316,60.00517],[29.716573,60.005203],[29.716895,60.005208],[29.717031,60.005227],[29.717616,60.005215],[29.717935,60.005192],[29.718184,60.005136],[29.718356,60.005054],[29.718503,60.004948],[29.718806,60.004887],[29.719058,60.00484],[29.719537,60.004551],[29.719727,60.004532],[29.719958,60.004587],[29.720347,60.004642],[29.720591,60.00463],[29.720792,60.004607],[29.72148,60.004555],[29.721964,60.004413],[29.722112,60.004355],[29.722192,60.004295],[29.722462,60.003982],[29.722529,60.003913],[29.723004,60.003707],[29.723184,60.00367],[29.723945,60.003648],[29.725371,60.003798],[29.725707,60.003838],[29.725755,60.003825],[29.729546,60.001974],[29.729689,60.001928],[29.730475,60.00183],[29.730509,60.001821],[29.73059,60.001773],[29.730678,60.001739],[29.73077,60.001713],[29.730911,60.001698],[29.731061,60.001699],[29.731249,60.001738],[29.73134,60.001727],[29.731509,60.001731],[29.731732,60.001773],[29.73189,60.001823],[29.731995,60.001872],[29.732237,60.002077],[29.732296,60.002097],[29.732339,60.002097],[29.733177,60.001899],[29.733429,60.001816],[29.733615,60.001759],[29.73554,60.000887],[29.735608,60.000844],[29.735612,60.00081],[29.735544,60.000636],[29.73555,60.000594],[29.735868,60.000184],[29.736002,60.000117],[29.736104,60.000094],[29.736206,60.000084],[29.737297,60.000066],[29.737362,60.000086],[29.737992,60.000107],[29.738633,60.000023],[29.739073,59.999866],[29.739234,59.999756],[29.739245,59.999625],[29.739159,59.999228],[29.739191,59.9989],[29.739314,59.998506],[29.739502,59.998117],[29.739743,59.997862],[29.739765,59.997618],[29.739636,59.997444],[29.739355,59.997205],[29.739043,59.996957],[29.738892,59.996903],[29.738547,59.996829],[29.738054,59.99673],[29.737603,59.996725],[29.736844,59.996851],[29.736504,59.996877],[29.736421,59.996892],[29.735838,59.996973],[29.735382,59.997033],[29.735215,59.997038],[29.735094,59.997016],[29.734986,59.996973],[29.734718,59.996733],[29.733769,59.995682],[29.73347,59.995365],[29.733467,59.995299],[29.733517,59.995243],[29.733617,59.995193],[29.734225,59.995043],[29.734794,59.994924],[29.737544,59.994294],[29.737991,59.994193],[29.738257,59.994161],[29.738349,59.994144],[29.738433,59.994113],[29.738967,59.993965],[29.739106,59.993944],[29.739146,59.993919],[29.739305,59.993867],[29.739483,59.993783],[29.739567,59.993693],[29.739671,59.993551],[29.739848,59.993382],[29.740016,59.993203],[29.740089,59.993085],[29.736736,59.990676],[29.736892,59.990623],[29.740711,59.993324],[29.740779,59.993355],[29.740873,59.993365],[29.741219,59.993416],[29.741404,59.993512],[29.741672,59.993531],[29.742056,59.993554],[29.742423,59.993601],[29.74296,59.993537],[29.743327,59.99355],[29.743466,59.993577],[29.743909,59.993593],[29.744338,59.993575],[29.744475,59.993605],[29.744818,59.993588],[29.74492,59.993608],[29.745446,59.993601],[29.745883,59.993586],[29.746535,59.993529],[29.746916,59.99348],[29.747078,59.993452],[29.747567,59.993361],[29.748005,59.993277],[29.748219,59.993219],[29.748618,59.993101],[29.749054,59.992978],[29.749353,59.992888],[29.749598,59.992804],[29.749708,59.992739],[29.749917,59.9926],[29.750239,59.992351],[29.750746,59.991966],[29.750891,59.991896],[29.751003,59.991889],[29.751218,59.991837],[29.751532,59.991722],[29.751768,59.991632],[29.752048,59.991485],[29.75217,59.99137],[29.752149,59.991276],[29.752181,59.991156],[29.752299,59.991047],[29.75257,59.990958],[29.752819,59.990894],[29.75287,59.990803],[29.752908,59.990775],[29.752356,59.988766],[29.75173,59.988625],[29.75094,59.988097],[29.750864,59.987964],[29.752211,59.987433],[29.752228,59.985973],[29.752475,59.985972],[29.752544,59.984176],[29.752557,59.983437],[29.752559,59.983097],[29.752595,59.983067],[29.754528,59.98267],[29.755273,59.982521],[29.757202,59.982142],[29.757185,59.981894],[29.757233,59.981569],[29.75756,59.981539],[29.757994,59.981569],[29.758434,59.981855],[29.762486,59.980988],[29.762381,59.980724],[29.763022,59.980283],[29.764036,59.98038],[29.764187,59.980495],[29.76436,59.980443],[29.764511,59.980574],[29.766711,59.980121],[29.768487,59.979743],[29.768344,59.97938],[29.768914,59.979046],[29.769186,59.978981],[29.770134,59.979014],[29.770718,59.979289],[29.772168,59.978993],[29.773913,59.978624],[29.774632,59.978477],[29.77471,59.977929],[29.775747,59.977978],[29.776463,59.977353],[29.777875,59.976235],[29.777536,59.975863],[29.777619,59.975736],[29.777859,59.975482],[29.777958,59.975395],[29.777973,59.975416],[29.778249,59.97542],[29.778261,59.975406],[29.778788,59.975474],[29.781186,59.973505],[29.781199,59.973433],[29.781346,59.973335],[29.781666,59.973087],[29.781915,59.972886],[29.781963,59.972899],[29.784207,59.971061],[29.783843,59.970854],[29.784424,59.970228],[29.785405,59.970581],[29.78507,59.970914],[29.788858,59.972139],[29.789083,59.971973],[29.78948,59.972068],[29.789673,59.972044],[29.790424,59.972137],[29.791755,59.972559],[29.791875,59.972774],[29.79245,59.973045],[29.792605,59.973393],[29.792382,59.973547],[29.791412,59.973801],[29.790982,59.973758],[29.79033,59.973951],[29.78958,59.97453],[29.787506,59.976089],[29.78695,59.97664],[29.78574,59.97743],[29.784854,59.978323],[29.784992,59.978512],[29.786039,59.978778],[29.786888,59.978898],[29.787567,59.978914],[29.788072,59.978839],[29.788909,59.978866],[29.789807,59.978912],[29.790571,59.978932],[29.791053,59.979005],[29.791368,59.979177],[29.791746,59.979388],[29.792424,59.979242],[29.79263,59.978877],[29.792703,59.978879],[29.793057,59.97805],[29.793382,59.978067],[29.793062,59.978721],[29.793,59.978881],[29.79308,59.979008],[29.793567,59.979213],[29.793957,59.979362],[29.793789,59.980374],[29.794472,59.981203],[29.79468,59.981445],[29.794785,59.981677],[29.794733,59.981797],[29.794562,59.981891],[29.79329,59.98214],[29.793085,59.982235],[29.793067,59.982615],[29.793213,59.983057],[29.793197,59.9833],[29.792483,59.983548],[29.791034,59.983746],[29.791377,59.984302],[29.792477,59.98413],[29.793947,59.985085],[29.794458,59.985451],[29.794788,59.98563],[29.79511,59.98555],[29.795634,59.985356],[29.7966,59.98501],[29.797953,59.984522],[29.798455,59.984483],[29.799189,59.984383],[29.799859,59.984388],[29.799861,59.984289],[29.8002,59.984262],[29.800209,59.984339],[29.800918,59.984352],[29.802938,59.983838],[29.803327,59.983788],[29.80337,59.983806],[29.803511,59.983823],[29.803535,59.983858],[29.804151,59.984592],[29.804338,59.984579],[29.804372,59.984639],[29.803386,59.984837],[29.803408,59.984873],[29.801353,59.985211],[29.801281,59.9853],[29.801237,59.985294],[29.80108,59.985489],[29.800496,59.98625],[29.799846,59.987117],[29.799699,59.987395],[29.7994,59.98789],[29.79905,59.988458],[29.799181,59.988583],[29.79977,59.989697],[29.799535,59.99003],[29.799468,59.990017],[29.79933,59.9902],[29.799024,59.990377],[29.798792,59.990553],[29.798662,59.990925],[29.798544,59.991207],[29.798468,59.991291],[29.798379,59.991297],[29.798132,59.991262],[29.798098,59.991283],[29.797944,59.99132],[29.797057,59.991417],[29.796478,59.991567],[29.796027,59.991704],[29.795652,59.991798],[29.795276,59.991997],[29.79489,59.992222],[29.794525,59.992394],[29.793806,59.992823],[29.793566,59.992908],[29.792201,59.993178],[29.791446,59.993315],[29.790416,59.993788],[29.789824,59.9942],[29.789515,59.994526],[29.789043,59.994873],[29.788485,59.995062],[29.787292,59.995191],[29.785893,59.995255],[29.784236,59.99562],[29.782963,59.99601],[29.782142,59.996191],[29.781387,59.996462],[29.780923,59.996835],[29.780734,59.997075],[29.780279,59.997496],[29.780477,59.998067],[29.780788,59.998393],[29.78143,59.998937],[29.780601,59.999279],[29.780427,59.999374],[29.780499,59.999452],[29.77964,59.999875],[29.779132,60.000094],[29.7787,60.000304],[29.778558,60.000405],[29.778257,60.000718],[29.778016,60.000955],[29.777856,60.001093],[29.777615,60.001226],[29.777352,60.001393],[29.777262,60.001395],[29.777053,60.001269],[29.776533,60.001062],[29.775621,60.000646],[29.775385,60.000561],[29.775326,60.00055],[29.77524,60.000569],[29.775347,60.000655],[29.775578,60.00073],[29.776678,60.001322],[29.776935,60.001483],[29.776801,60.001542],[29.776872,60.001603],[29.776377,60.001767],[29.774357,60.00056],[29.774057,60.000693],[29.776314,60.002028],[29.77643,60.002169],[29.77655,60.002436],[29.776358,60.002496],[29.775902,60.002303],[29.775744,60.002375],[29.775444,60.002179],[29.775454,60.002095],[29.775328,60.002044],[29.775175,60.002059],[29.774828,60.001759],[29.774146,60.001337],[29.773772,60.001537],[29.774482,60.001979],[29.774709,60.002119],[29.77499,60.002221],[29.776083,60.002836],[29.77615,60.002897],[29.776334,60.002997],[29.776461,60.003094],[29.77647,60.00315],[29.776405,60.003216],[29.776463,60.00327],[29.776319,60.003353],[29.776223,60.003316],[29.776055,60.003337],[29.77599,60.003325],[29.775539,60.003186],[29.775411,60.003175],[29.773792,60.002416],[29.772939,60.001522],[29.772683,60.001551],[29.773018,60.002418],[29.773349,60.002629],[29.77351,60.002742],[29.773681,60.002812],[29.773945,60.002981],[29.774224,60.00312],[29.77436,60.003054],[29.774736,60.003213],[29.77461,60.003276],[29.774809,60.003379],[29.775012,60.003362],[29.775189,60.003371],[29.775277,60.003438],[29.775087,60.003464],[29.77492,60.00353],[29.774545,60.003713],[29.774368,60.003704],[29.773735,60.003521],[29.773675,60.003439],[29.77347,60.003362],[29.773507,60.003331],[29.772941,60.003042],[29.772801,60.002921],[29.772458,60.002614],[29.772359,60.002463],[29.772206,60.002114],[29.772064,60.001907],[29.772081,60.001776],[29.771828,60.001784],[29.771895,60.002034],[29.771807,60.002084],[29.771801,60.002246],[29.771884,60.002425],[29.772096,60.002752],[29.772292,60.0028],[29.772385,60.002843],[29.772534,60.002973],[29.772795,60.003117],[29.773158,60.003331],[29.772737,60.003402],[29.772621,60.003504],[29.772016,60.003591],[29.770965,60.003571],[29.770664,60.003599],[29.770562,60.003705],[29.769658,60.003579],[29.768946,60.004074],[29.769197,60.004202],[29.769484,60.004477],[29.769373,60.004894],[29.768495,60.005053],[29.768357,60.005202],[29.767876,60.005373],[29.767499,60.005416],[29.767147,60.005502],[29.767344,60.005584],[29.767216,60.00579],[29.76701,60.00585],[29.766761,60.006004],[29.766503,60.006021],[29.766269,60.006291],[29.766125,60.006459],[29.765963,60.006585],[29.765818,60.006646],[29.765753,60.006714],[29.765639,60.00689],[29.765629,60.007043],[29.765656,60.007196],[29.765645,60.007235],[29.765479,60.007166],[29.765364,60.007138],[29.765141,60.007209],[29.765283,60.0073],[29.76538,60.007442],[29.765304,60.007521],[29.76522,60.007505],[29.765004,60.007559],[29.764071,60.007926],[29.763867,60.008082],[29.763406,60.008066],[29.763041,60.008205],[29.76288,60.008092],[29.763266,60.007932],[29.762944,60.007776],[29.762895,60.007703],[29.761946,60.007882],[29.761405,60.007895],[29.761024,60.007929],[29.760648,60.007889],[29.760198,60.007792],[29.759881,60.007815],[29.759527,60.007894],[29.759661,60.008055],[29.759736,60.008162],[29.759866,60.008325],[29.759621,60.008403],[29.759393,60.008346],[29.759259,60.00839],[29.759109,60.008385],[29.758953,60.008441],[29.759034,60.008492],[29.758631,60.008669],[29.757993,60.008468],[29.757542,60.008523],[29.757298,60.008646],[29.756778,60.008668],[29.756456,60.008599],[29.756496,60.008414],[29.756633,60.008334],[29.756783,60.008207],[29.756984,60.008119],[29.757038,60.008023],[29.756912,60.007921],[29.756711,60.00784],[29.756416,60.007824],[29.756139,60.007798],[29.755928,60.00777],[29.755852,60.007804],[29.755735,60.007889],[29.755659,60.008118],[29.755668,60.008228],[29.755697,60.008414],[29.755563,60.00849],[29.755365,60.008514],[29.754967,60.008546],[29.754654,60.008538],[29.75441,60.008566],[29.754343,60.00855],[29.754241,60.008487],[29.75416,60.008429],[29.753937,60.008361],[29.753753,60.008349],[29.753613,60.008378],[29.753517,60.008472],[29.753254,60.008574],[29.753082,60.008622],[29.752986,60.008679],[29.7529,60.008677],[29.752878,60.008705],[29.752945,60.008736],[29.75302,60.008712],[29.753101,60.008715],[29.753084,60.008755],[29.753332,60.008838],[29.753543,60.008876],[29.753605,60.008859],[29.753752,60.008905],[29.753774,60.008945],[29.753836,60.008967],[29.7542,60.00894],[29.75435,60.008976],[29.754396,60.009055],[29.754418,60.009169],[29.754208,60.009323],[29.753919,60.009373],[29.753718,60.009388],[29.753602,60.009369],[29.753479,60.009325],[29.753353,60.009299],[29.753155,60.009293],[29.752891,60.009303],[29.752522,60.009409],[29.75214,60.009534],[29.751875,60.009575],[29.751693,60.009594],[29.751596,60.009458],[29.751516,60.009475],[29.751542,60.009537],[29.751503,60.009568],[29.751271,60.009629],[29.751161,60.009688],[29.7514,60.009767],[29.751502,60.009858],[29.751559,60.009935],[29.751487,60.009979],[29.751502,60.010129],[29.751082,60.010257],[29.750907,60.010214],[29.750735,60.010145],[29.750628,60.010177],[29.750566,60.010216],[29.750534,60.010289],[29.750344,60.010322],[29.750177,60.010316],[29.749955,60.010244],[29.749764,60.010172],[29.74956,60.010134],[29.749432,60.010282],[29.749343,60.010322],[29.749351,60.010368],[29.749386,60.010439],[29.749293,60.010509],[29.749246,60.010652],[29.74925,60.010856],[29.749289,60.010991],[29.749801,60.01123],[29.750006,60.01126],[29.75125,60.011868],[29.751615,60.011911],[29.752087,60.012174],[29.75243,60.012184],[29.752097,60.011696],[29.75214,60.011578],[29.752516,60.011514],[29.753492,60.01294],[29.754813,60.014066],[29.755659,60.014506],[29.756239,60.014667],[29.756389,60.014839],[29.756475,60.015026],[29.756732,60.015192],[29.756947,60.015225],[29.757371,60.015674],[29.757671,60.015426],[29.757719,60.015241],[29.757526,60.014662],[29.757997,60.014589],[29.758143,60.014825],[29.758942,60.016721],[29.75965,60.01738],[29.760498,60.017879],[29.761099,60.018243],[29.761387,60.018441],[29.761936,60.018779],[29.762601,60.019101],[29.763931,60.01961],[29.764693,60.019895],[29.765251,60.020136],[29.766168,60.020345],[29.766984,60.020543],[29.76846,60.020615],[29.773404,60.020787],[29.774434,60.020757],[29.775336,60.02087],[29.777622,60.020868],[29.777674,60.020804],[29.777713,60.020791],[29.778002,60.020797],[29.778044,60.020829],[29.778147,60.021301],[29.778154,60.021321],[29.782962,60.021426],[29.783146,60.020924],[29.783189,60.020899],[29.783492,60.020905],[29.783513,60.020912],[29.783561,60.020976],[29.784004,60.02101],[29.785,60.021135],[29.787274,60.021306],[29.787838,60.021334],[29.790523,60.021438],[29.795431,60.021871],[29.805699,60.022836],[29.815902,60.023715],[29.81672,60.023755],[29.817058,60.023741],[29.817355,60.023712],[29.817517,60.023629],[29.817624,60.023535],[29.817685,60.023458],[29.81782,60.023129],[29.818024,60.022868],[29.818348,60.022652],[29.819017,60.022429],[29.819768,60.022425],[29.819772,60.022461],[29.819602,60.02254],[29.81961,60.022598],[29.819656,60.022651],[29.819823,60.022737],[29.820103,60.022826],[29.820237,60.022858],[29.820557,60.022915],[29.820862,60.022936],[29.821126,60.022932],[29.821366,60.022909],[29.821525,60.022887],[29.821681,60.022851],[29.821767,60.022823],[29.82185,60.022773],[29.821902,60.022696],[29.821851,60.02268],[29.821995,60.022576],[29.822026,60.022589],[29.82231,60.02239],[29.82228,60.022213],[29.822648,60.022182],[29.82275,60.02209],[29.822995,60.022149],[29.822897,60.0223],[29.823217,60.022387],[29.823438,60.022257],[29.823727,60.02233],[29.823645,60.022501],[29.823874,60.022677],[29.824155,60.022775],[29.829528,60.023323],[29.829892,60.023339],[29.833007,60.023149],[29.833229,60.023217],[29.833398,60.023363],[29.836931,60.023743],[29.83891,60.023923],[29.839827,60.024199],[29.839924,60.024267],[29.84057,60.025166],[29.84073,60.025275],[29.840938,60.025352],[29.841203,60.025416],[29.842204,60.025603],[29.844071,60.02602],[29.844996,60.026199],[29.845536,60.026322],[29.845892,60.02635],[29.846354,60.026399],[29.846597,60.026414],[29.846735,60.026353],[29.85286,60.02708],[29.85699,60.02751],[29.862324,60.027973],[29.862943,60.028023],[29.862983,60.028016],[29.863256,60.028042],[29.863301,60.028073],[29.863283,60.028443],[29.863276,60.028476],[29.867857,60.028905],[29.867883,60.028878],[29.868134,60.028518],[29.868174,60.0285],[29.86824,60.028497],[29.868461,60.028519],[29.868495,60.028536],[29.870132,60.028737],[29.870649,60.028848],[29.873919,60.029151],[29.878942,60.029655],[29.885357,60.030201],[29.890581,60.03069],[29.89621,60.031228],[29.899207,60.031507],[29.900131,60.031599],[29.902047,60.031685],[29.903429,60.0318],[29.903488,60.031794],[29.903697,60.031815],[29.903784,60.031855],[29.90375,60.032259],[29.908442,60.032696],[29.908453,60.032676],[29.908741,60.032306],[29.90881,60.032287],[29.909054,60.032311],[29.909078,60.032324],[29.910182,60.032475],[29.910307,60.032479],[29.910521,60.032463],[29.911764,60.032401],[29.91475,60.03264],[29.915271,60.032647],[29.91638,60.032716],[29.917523,60.032179],[29.91763,60.03217],[29.917856,60.032263],[29.918446,60.032555],[29.918513,60.032576],[29.920548,60.032891],[29.920575,60.032869],[29.920561,60.032773],[29.920546,60.032755],[29.918572,60.03249],[29.918497,60.032463],[29.917764,60.032064],[29.916958,60.031622],[29.916732,60.031573],[29.916332,60.03164],[29.916002,60.031477],[29.91583,60.031256],[29.915788,60.031019],[29.915852,60.030869],[29.916011,60.030757],[29.91687,60.03061],[29.916978,60.030624],[29.917335,60.030578],[29.91744,60.030587],[29.917483,60.030658],[29.917656,60.030801],[29.917768,60.031021],[29.918073,60.0313],[29.918465,60.031537],[29.918872,60.031678],[29.919246,60.031858],[29.919538,60.031884],[29.919978,60.031866],[29.920318,60.031821],[29.920302,60.031762],[29.920644,60.03171],[29.920685,60.031754],[29.92077,60.031743],[29.920803,60.031776],[29.920882,60.031778],[29.920975,60.031793],[29.921947,60.031619],[29.922193,60.03164],[29.922673,60.031932],[29.922702,60.031981],[29.922649,60.032073],[29.922498,60.032151],[29.921302,60.032523],[29.921305,60.032552],[29.921423,60.032666],[29.921488,60.032678],[29.921538,60.032735],[29.921627,60.032794],[29.92229,60.033146],[29.923002,60.033667],[29.923998,60.033796],[29.925718,60.033999],[29.929813,60.03441],[29.933187,60.034724],[29.936426,60.035018],[29.94059,60.0354],[29.946541,60.035926],[29.94736,60.036009],[29.94789,60.035988],[29.949336,60.036039],[29.949408,60.035978],[29.949469,60.03596],[29.949758,60.035986],[29.949807,60.036023],[29.949753,60.036499],[29.949594,60.036921],[29.949412,60.037249],[29.949332,60.037282],[29.949068,60.037265],[29.949023,60.037244],[29.948415,60.037235],[29.947309,60.037112],[29.945611,60.03676],[29.94065,60.036318],[29.938162,60.036094],[29.93706,60.03599],[29.934349,60.035742],[29.929472,60.035286],[29.922423,60.034644],[29.918778,60.034441],[29.918413,60.034394],[29.916951,60.034165],[29.911576,60.03365],[29.910034,60.033699],[29.909807,60.033688],[29.908644,60.033523],[29.908591,60.033535],[29.908379,60.033515],[29.908298,60.033479],[29.908284,60.033119],[29.903592,60.032683],[29.903386,60.033003],[29.903296,60.033019],[29.903056,60.033],[29.903027,60.032988],[29.902414,60.032992],[29.901469,60.03292],[29.9002,60.032641],[29.899551,60.032519],[29.89681,60.03227],[29.891374,60.03178],[29.884861,60.031183],[29.870607,60.029876],[29.868043,60.02972],[29.867973,60.02974],[29.867732,60.029714],[29.867677,60.029682],[29.867688,60.029356],[29.863107,60.028928],[29.862901,60.02925],[29.862833,60.029272],[29.862568,60.029251],[29.86254,60.029237],[29.859646,60.028979],[29.856487,60.028697],[29.851565,60.028273],[29.848303,60.028166],[29.845174,60.02807],[29.844515,60.027941],[29.841293,60.027752],[29.841008,60.027749],[29.840568,60.027773],[29.840114,60.02784],[29.839564,60.02798],[29.83862,60.02816],[29.837462,60.028368],[29.834738,60.028969],[29.834407,60.028971],[29.834058,60.028934],[29.833798,60.028857],[29.830776,60.028441],[29.830571,60.02845],[29.830013,60.028379],[29.829624,60.028258],[29.828901,60.027963],[29.826402,60.027004],[29.825004,60.026472],[29.824466,60.026248],[29.823947,60.026018],[29.823726,60.025975],[29.82352,60.025944],[29.821665,60.025754],[29.820381,60.025702],[29.819865,60.025629],[29.818631,60.025267],[29.816384,60.024994],[29.81118,60.02439],[29.806701,60.023968],[29.804782,60.023812],[29.803172,60.023576],[29.800635,60.023303],[29.794691,60.022736],[29.793109,60.022577],[29.790781,60.02241],[29.787787,60.022197],[29.785308,60.022164],[29.784346,60.022279],[29.78337,60.022225],[29.783332,60.022233],[29.783067,60.022237],[29.782996,60.022207],[29.782924,60.021856],[29.778117,60.021751],[29.778015,60.022075],[29.777956,60.022098],[29.777681,60.022093],[29.77761,60.022064],[29.7768,60.022061],[29.776031,60.022043],[29.775629,60.022027],[29.774572,60.021973],[29.774474,60.021915],[29.774309,60.021896],[29.773803,60.021887],[29.771732,60.021795],[29.767005,60.021719],[29.745824,60.021296],[29.745703,60.021306],[29.745432,60.02137],[29.745269,60.021471],[29.745237,60.021536],[29.745503,60.022498],[29.745792,60.023699],[29.746153,60.024865],[29.746511,60.025843],[29.746758,60.026245],[29.74708,60.02655],[29.747487,60.026813],[29.748127,60.027134],[29.748453,60.027323],[29.748873,60.027464],[29.749466,60.02767],[29.749921,60.02779],[29.750375,60.02785],[29.750856,60.02797],[29.751577,60.02812],[29.752161,60.028262],[29.753281,60.0287],[29.753356,60.028823],[29.753903,60.029016],[29.754247,60.029096],[29.754751,60.029102],[29.755285,60.029201],[29.756761,60.029501],[29.757388,60.029552],[29.757662,60.029561],[29.758203,60.029518],[29.758709,60.029445],[29.759289,60.029407],[29.759843,60.029398],[29.759836,60.029359],[29.759267,60.029107],[29.759321,60.02908],[29.759479,60.029086],[29.760249,60.02943],[29.76032,60.029698],[29.759617,60.030248],[29.75938,60.030358],[29.759106,60.030398],[29.758786,60.030378],[29.758085,60.030445],[29.757395,60.030532],[29.757231,60.030485],[29.75683,60.030468],[29.755851,60.030243],[29.753319,60.029732],[29.752789,60.029589],[29.752731,60.029505],[29.75294,60.029277],[29.752972,60.029155],[29.753114,60.028932],[29.75166,60.02846],[29.750581,60.02821],[29.74958,60.02799],[29.748376,60.027597],[29.747303,60.027082],[29.746513,60.026461],[29.746084,60.02601],[29.745595,60.024775],[29.745483,60.024282],[29.745245,60.02387],[29.745226,60.0236],[29.745123,60.023159],[29.744587,60.021719],[29.744253,60.021378],[29.743793,60.021259],[29.742894,60.021198],[29.741169,60.021159],[29.73825,60.02106],[29.737447,60.020978],[29.736516,60.020856],[29.735398,60.020722],[29.73466,60.020627],[29.733796,60.020452],[29.732917,60.020333],[29.73226,60.020216],[29.73129,60.01998],[29.72996,60.01969],[29.729161,60.019491],[29.728572,60.019356],[29.727944,60.019218],[29.727321,60.018983],[29.726751,60.018777],[29.726302,60.01865],[29.726123,60.018686],[29.725899,60.018717],[29.725597,60.01867],[29.724809,60.019019],[29.723689,60.019328],[29.722674,60.019535],[29.721858,60.019724],[29.720704,60.019864],[29.720541,60.020497],[29.720262,60.020747],[29.719781,60.020928],[29.719171,60.020901],[29.717256,60.02071],[29.716594,60.020867],[29.716107,60.021014],[29.715239,60.021026],[29.715135,60.021085],[29.714529,60.02118],[29.714201,60.021176],[29.713119,60.021142],[29.712703,60.021094],[29.712381,60.021187],[29.71208,60.021181],[29.711896,60.021249],[29.711289,60.021286],[29.710571,60.021623],[29.709854,60.021833],[29.709266,60.021945],[29.708488,60.021668],[29.707158,60.022182],[29.706371,60.022393],[29.705897,60.022409],[29.705197,60.022111],[29.704125,60.022375],[29.703068,60.022499],[29.702577,60.022628],[29.702228,60.022809],[29.701245,60.022585],[29.700496,60.022745],[29.699234,60.022414],[29.698881,60.02257],[29.698364,60.023404],[29.697987,60.023711],[29.697319,60.023957],[29.695506,60.024402],[29.694589,60.024534],[29.693953,60.024393],[29.693129,60.024294],[29.693338,60.024512],[29.693174,60.024623],[29.692992,60.024607],[29.69276,60.024646],[29.692375,60.024656],[29.692002,60.024717],[29.691606,60.024987],[29.690683,60.025376],[29.689737,60.025561],[29.689045,60.025863],[29.68822,60.026163],[29.6887,60.026561],[29.688586,60.026597],[29.687992,60.026158],[29.687142,60.026279],[29.686379,60.026216],[29.685741,60.026292],[29.685138,60.026328],[29.684939,60.026371],[29.684661,60.026409],[29.684338,60.026433],[29.684036,60.026566],[29.683822,60.026656],[29.68364,60.026654],[29.682461,60.026666],[29.682007,60.02683],[29.681638,60.027037],[29.680487,60.02736],[29.679577,60.027532],[29.678641,60.027644],[29.678446,60.027773],[29.678281,60.02787],[29.678363,60.027987],[29.678362,60.02816],[29.67823,60.02841],[29.678059,60.028499],[29.677744,60.028459],[29.677658,60.028546],[29.67759,60.028532],[29.67756,60.028484],[29.677492,60.028486],[29.677499,60.028534],[29.677465,60.028569],[29.677365,60.028597],[29.677316,60.028803],[29.677205,60.028886],[29.677318,60.029057],[29.67727,60.029212],[29.677007,60.029309],[29.676685,60.029287],[29.676534,60.029241],[29.676567,60.029171],[29.676685,60.029104],[29.676561,60.029104],[29.676494,60.029006],[29.676368,60.028946],[29.676218,60.028939],[29.676006,60.028971],[29.675869,60.028959],[29.67561,60.028882],[29.675376,60.029014],[29.674832,60.029227],[29.674691,60.02925],[29.674582,60.029226],[29.67442,60.029354],[29.674229,60.029247],[29.674162,60.029197],[29.674039,60.029203],[29.673887,60.029179],[29.673792,60.029153],[29.6733,60.028981],[29.673418,60.028859],[29.673579,60.028827],[29.673589,60.028746],[29.673474,60.028698],[29.673702,60.028569],[29.673534,60.02849],[29.673211,60.028402],[29.672865,60.028396],[29.672632,60.028563],[29.67249,60.028564],[29.672367,60.028498],[29.672404,60.028365],[29.672283,60.028293],[29.672128,60.028211],[29.671602,60.028078],[29.671192,60.028116],[29.671272,60.02824],[29.671154,60.028382],[29.670623,60.028585],[29.66986,60.028742],[29.669331,60.028719],[29.668836,60.028695],[29.668171,60.028615],[29.667747,60.028587],[29.66724,60.028524],[29.66669,60.02851],[29.66615,60.028505],[29.665725,60.028534],[29.665341,60.028658],[29.665021,60.02879],[29.664159,60.029019],[29.66319,60.029144],[29.663126,60.029213],[29.662952,60.029274],[29.662256,60.029367],[29.661584,60.029395],[29.66099,60.029354],[29.660398,60.029288],[29.660146,60.029301],[29.659985,60.029352],[29.659346,60.029498],[29.65859,60.029528],[29.65763,60.029593],[29.656967,60.029697],[29.656321,60.029795],[29.655918,60.029811],[29.655375,60.029824],[29.65452,60.029978],[29.65386,60.03009],[29.653334,60.030228],[29.6531,60.030392],[29.652807,60.030524],[29.652145,60.030661],[29.6517,60.030797],[29.651552,60.030912],[29.651314,60.03108],[29.650667,60.031281],[29.650407,60.031526],[29.65011,60.031579],[29.649702,60.031577],[29.649133,60.031449],[29.648841,60.0314],[29.648523,60.031445],[29.648446,60.031463],[29.648286,60.031476],[29.648003,60.031437],[29.647729,60.031409],[29.646965,60.03137],[29.64483,60.031682],[29.644342,60.03174],[29.642099,60.03214],[29.64158,60.032177],[29.64106,60.032271],[29.640666,60.032397],[29.640505,60.032661],[29.640122,60.032909],[29.639797,60.033045],[29.639656,60.033118],[29.639579,60.033225],[29.639398,60.033444],[29.639093,60.033522],[29.638863,60.033561],[29.638597,60.033559],[29.638458,60.033535],[29.638499,60.033456],[29.636584,60.033029],[29.636221,60.032933],[29.63577,60.032711],[29.634872,60.032263],[29.634384,60.031954],[29.634204,60.031761],[29.634129,60.031657],[29.634115,60.031521],[29.634165,60.03138],[29.634579,60.03072],[29.63448,60.030669],[29.63452,60.030578],[29.634636,60.030476],[29.634842,60.030408],[29.635057,60.030394],[29.635263,60.030421],[29.635454,60.030499],[29.635607,60.030587],[29.63587,60.031223],[29.635977,60.031356],[29.636165,60.031408],[29.636396,60.031402],[29.637128,60.031417],[29.637363,60.031426],[29.637742,60.03145],[29.638257,60.03139],[29.638725,60.031292],[29.639289,60.031102],[29.639869,60.030983],[29.640022,60.030999],[29.640083,60.031075],[29.64025,60.031037],[29.640539,60.030907],[29.640882,60.030688],[29.641034,60.030515],[29.641259,60.030428],[29.64162,60.030456],[29.641849,60.030433],[29.642017,60.030401],[29.64216,60.030321],[29.642173,60.030206],[29.642315,60.030144],[29.642439,60.030136],[29.642659,60.030156],[29.643042,60.030222],[29.64332,60.030333],[29.643582,60.030417],[29.64384,60.030463],[29.644032,60.030488],[29.645417,60.030127],[29.645507,60.030162],[29.645987,60.029964],[29.64631,60.029771],[29.646385,60.029762],[29.646649,60.0297],[29.647424,60.029419],[29.647718,60.029196],[29.648416,60.0289],[29.648529,60.028849],[29.64868,60.028804],[29.648786,60.028785],[29.649125,60.028612],[29.64933,60.028497],[29.649858,60.028256],[29.65039,60.027957],[29.651342,60.02775],[29.65161,60.02774],[29.652319,60.027823],[29.653068,60.027896],[29.653547,60.027964],[29.653824,60.028032],[29.654158,60.028064],[29.654859,60.028224],[29.655481,60.028261],[29.655835,60.02824],[29.656323,60.028191],[29.656987,60.027991],[29.657308,60.027886],[29.657739,60.027727],[29.658097,60.027552],[29.65852,60.027338],[29.658917,60.02713],[29.659392,60.026807],[29.659603,60.026662],[29.65981,60.026523],[29.660115,60.026384],[29.660391,60.02628],[29.661109,60.026078],[29.661387,60.025958],[29.661881,60.025829],[29.66216,60.025731],[29.662268,60.025689],[29.662447,60.025678],[29.662934,60.025666],[29.663295,60.025632],[29.663469,60.025656],[29.663937,60.025634],[29.66438,60.025629],[29.664943,60.025659],[29.665507,60.025655],[29.665829,60.025671],[29.66606,60.025674],[29.66623,60.025687],[29.666311,60.025716],[29.666819,60.025734],[29.667304,60.025708],[29.667703,60.025663],[29.668035,60.025603],[29.668484,60.025498],[29.669301,60.025283],[29.669638,60.025178],[29.669886,60.025078],[29.670251,60.024894],[29.670608,60.024697],[29.671196,60.02439],[29.671347,60.024265],[29.671445,60.02422],[29.671562,60.024193],[29.671766,60.024177],[29.671825,60.024155],[29.672084,60.024034],[29.672604,60.023835],[29.672729,60.023719],[29.672805,60.023544],[29.672917,60.023441],[29.673153,60.023264],[29.673447,60.023146],[29.673999,60.023039],[29.674141,60.023032],[29.674262,60.023095],[29.67441,60.02312],[29.674575,60.023168],[29.675338,60.022971],[29.676011,60.022655],[29.676522,60.022385],[29.677179,60.021958],[29.677934,60.021489],[29.6786,60.020941],[29.67873,60.020887],[29.678856,60.020857],[29.678918,60.020826],[29.678966,60.020753],[29.679475,60.020365],[29.679603,60.020296],[29.679816,60.020247],[29.680123,60.020157],[29.680339,60.020083],[29.68056,60.019941],[29.680896,60.019691],[29.680986,60.019631],[29.681149,60.019546],[29.68185,60.019148],[29.682354,60.018932],[29.682582,60.018797],[29.68305,60.01848],[29.683625,60.018034],[29.68448,60.01717],[29.684955,60.016845],[29.685505,60.016382],[29.686017,60.01579],[29.686694,60.014941],[29.687721,60.013911],[29.688649,60.0132],[29.689169,60.012511],[29.690066,60.011895],[29.69109,60.01038],[29.691443,60.009975],[29.691603,60.009655],[29.691927,60.009394],[29.69241,60.008738],[29.692928,60.007892],[29.693481,60.007265],[29.694463,60.00649],[29.695285,60.005665],[29.696023,60.005163],[29.69679,60.004429],[29.697,60.004283],[29.697632,60.003423],[29.697686,60.003227],[29.697996,60.002817],[29.698518,60.001644],[29.698743,60.001287],[29.6992,60.000277],[29.699306,59.999906],[29.699178,59.999775],[29.699329,59.999688],[29.699364,59.999644],[29.699396,59.999538],[29.699381,59.99948],[29.698977,59.999012],[29.698884,59.998843],[29.698679,59.998668],[29.692583,59.995584],[29.690335,59.994519],[29.690251,59.994434],[29.690183,59.994205],[29.690096,59.994136],[29.689844,59.993994],[29.68979,59.993881],[29.689871,59.993825],[29.689999,59.993755],[29.690192,59.993728],[29.690445,59.993755],[29.690702,59.993795],[29.690938,59.993905],[29.690917,59.993956],[29.690966,59.993986],[29.691104,59.993994],[29.692146,59.994554],[29.692226,59.994563],[29.692354,59.994541],[29.694259,59.993884],[29.694763,59.993685],[29.694918,59.993608],[29.695058,59.993476],[29.695069,59.99342],[29.694995,59.99328],[29.694961,59.993122],[29.694221,59.992564],[29.694037,59.99253],[29.69404,59.992568],[29.693945,59.992568],[29.692459,59.990373],[29.69253,59.990339],[29.692605,59.990376],[29.692685,59.990312],[29.692581,59.989669],[29.689578,59.989253],[29.689459,59.989238],[29.689284,59.98924],[29.689161,59.989271],[29.689089,59.989338],[29.688219,59.990296],[29.688116,59.990371],[29.687972,59.99043],[29.687766,59.990456],[29.68775,59.990541],[29.687689,59.990626],[29.687565,59.990716],[29.687431,59.990757],[29.687215,59.990757],[29.687127,59.990726],[29.687086,59.990646],[29.68705,59.990548],[29.68704,59.990427],[29.687023,59.990151],[29.687734,59.989167],[29.687911,59.988989],[29.68812,59.988857],[29.688337,59.988753],[29.688634,59.988676],[29.688988,59.988628],[29.689117,59.988596],[29.689648,59.987997],[29.689769,59.987828],[29.689794,59.987664],[29.688538,59.985848],[29.687307,59.983957],[29.687427,59.981298],[29.686905,59.980239],[29.686728,59.979868],[29.686434,59.979821],[29.686326,59.979498],[29.686422,59.979397],[29.686439,59.979228],[29.686149,59.978485],[29.685771,59.977204],[29.685366,59.976214],[29.685305,59.97603],[29.685111,59.975642],[29.684902,59.975067],[29.684766,59.974542],[29.684693,59.974184],[29.684701,59.974012],[29.684524,59.97324],[29.684359,59.972826],[29.684162,59.972425],[29.683854,59.972039],[29.683655,59.971626],[29.683339,59.970534],[29.683149,59.969904],[29.681503,59.965675],[29.68146,59.965522],[29.681414,59.965403],[29.681445,59.965234],[29.681346,59.965147],[29.681051,59.964702],[29.68083,59.964239],[29.680778,59.963977],[29.680821,59.963882],[29.680908,59.96383],[29.680819,59.96379],[29.680779,59.963682],[29.679751,59.961087],[29.679676,59.961084],[29.679489,59.960685],[29.679455,59.960396],[29.679442,59.960136],[29.679341,59.959957],[29.679342,59.959685],[29.678905,59.959141],[29.678769,59.958813],[29.678743,59.958639],[29.678269,59.957515],[29.678216,59.956894],[29.677371,59.95492],[29.677321,59.95472],[29.67701,59.954234],[29.676729,59.953233],[29.675769,59.951158],[29.675513,59.950299],[29.674835,59.948651],[29.675036,59.948493],[29.674045,59.946193],[29.673193,59.943939],[29.673086,59.943644],[29.672595,59.942538],[29.672403,59.94221],[29.672427,59.942079],[29.671965,59.941769],[29.671948,59.941398],[29.671819,59.941113],[29.671793,59.940803],[29.671752,59.94073],[29.671678,59.940702],[29.671643,59.940589],[29.670498,59.937642]]],[[[29.694582,59.972174],[29.694705,59.971948],[29.694871,59.97178],[29.695084,59.971661],[29.695719,59.971556],[29.695918,59.971567],[29.696233,59.972075],[29.696312,59.972056],[29.696555,59.972433],[29.69649,59.972448],[29.69681,59.972911],[29.696764,59.972956],[29.696229,59.973073],[29.695808,59.97315],[29.695285,59.973232],[29.69513,59.973029],[29.695175,59.973022],[29.694918,59.972683],[29.694669,59.972405],[29.694582,59.972174]]],[[[29.702391,59.949208],[29.702402,59.94914],[29.702437,59.949101],[29.702925,59.948756],[29.702965,59.948689],[29.702965,59.948633],[29.702925,59.9486],[29.7028,59.948552],[29.702797,59.948517],[29.702851,59.948496],[29.702898,59.948498],[29.70425,59.948923],[29.704261,59.948944],[29.704231,59.948968],[29.704153,59.948965],[29.703799,59.948841],[29.7037,59.948831],[29.703661,59.948845],[29.703629,59.948887],[29.703652,59.948948],[29.703978,59.949402],[29.704086,59.949493],[29.704137,59.949519],[29.704165,59.94955],[29.704185,59.949633],[29.704234,59.949685],[29.704357,59.949739],[29.704558,59.949799],[29.70478,59.949872],[29.705254,59.949997],[29.705384,59.950018],[29.705596,59.950014],[29.705647,59.950036],[29.705643,59.950053],[29.705578,59.950117],[29.704966,59.950623],[29.704891,59.950648],[29.704808,59.950656],[29.704733,59.950649],[29.70436,59.95057],[29.703839,59.950413],[29.703437,59.950296],[29.703306,59.950251],[29.703166,59.950193],[29.702898,59.949981],[29.702732,59.949783],[29.702662,59.949666],[29.702547,59.949493],[29.702396,59.949257],[29.702391,59.949208]]],[[[29.703167,59.957176],[29.7032,59.957122],[29.703591,59.956849],[29.703768,59.956806],[29.703861,59.956802],[29.704203,59.95688],[29.704642,59.957043],[29.705065,59.957338],[29.705148,59.957429],[29.705234,59.957644],[29.705315,59.957759],[29.705417,59.957865],[29.705535,59.957946],[29.705781,59.958103],[29.705824,59.958137],[29.705819,59.958229],[29.705586,59.958514],[29.705492,59.958558],[29.705395,59.958573],[29.705269,59.958573],[29.704491,59.958441],[29.703811,59.958277],[29.703723,59.958238],[29.703582,59.957979],[29.703319,59.957474],[29.703171,59.957209],[29.703167,59.957176]]],[[[29.714462,60.056934],[29.714535,60.056819],[29.715238,60.05686],[29.715974,60.057173],[29.716054,60.057137],[29.716251,60.057228],[29.716183,60.057265],[29.716836,60.057543],[29.716985,60.05761],[29.717059,60.057636],[29.717113,60.057669],[29.717182,60.057673],[29.716965,60.057798],[29.717976,60.058233],[29.718043,60.058199],[29.718236,60.058288],[29.718177,60.058321],[29.719595,60.058926],[29.719693,60.05887],[29.720279,60.059028],[29.720218,60.059105],[29.722001,60.059369],[29.722045,60.059327],[29.722305,60.05937],[29.72227,60.05941],[29.723622,60.059604],[29.723681,60.059491],[29.723714,60.059476],[29.723792,60.05947],[29.725659,60.059752],[29.72576,60.059663],[29.726083,60.059714],[29.726035,60.059807],[29.727256,60.059992],[29.727807,60.059927],[29.728124,60.059976],[29.728237,60.059927],[29.728437,60.059959],[29.728374,60.060014],[29.728721,60.060065],[29.729124,60.060442],[29.72904,60.060496],[29.728933,60.060526],[29.727231,60.06073],[29.727201,60.06073],[29.719413,60.059576],[29.719325,60.059558],[29.714642,60.057561],[29.714462,60.056934]]],[[[29.715333,59.974362],[29.715369,59.974301],[29.715473,59.974236],[29.715652,59.974198],[29.715936,59.974179],[29.716141,59.974148],[29.716365,59.974087],[29.71658,59.973969],[29.716805,59.973829],[29.716882,59.973792],[29.716953,59.973784],[29.717068,59.973801],[29.717441,59.973908],[29.718085,59.974053],[29.718257,59.9741],[29.718372,59.974164],[29.718473,59.974241],[29.718529,59.974382],[29.718544,59.974573],[29.718518,59.974627],[29.718456,59.974694],[29.71836,59.974748],[29.718246,59.974779],[29.717878,59.974843],[29.717524,59.974909],[29.717258,59.974972],[29.71703,59.975046],[29.716939,59.975047],[29.716828,59.975031],[29.716711,59.974994],[29.716288,59.974758],[29.716022,59.974642],[29.715491,59.974501],[29.715384,59.97444],[29.715333,59.974362]]],[[[29.716808,59.989574],[29.716843,59.98951],[29.716934,59.989409],[29.717068,59.989335],[29.71732,59.989253],[29.717728,59.989196],[29.717929,59.989182],[29.718007,59.989171],[29.718378,59.989097],[29.718433,59.9891],[29.718449,59.98913],[29.718388,59.989172],[29.718366,59.98921],[29.718427,59.989268],[29.718535,59.989331],[29.71859,59.989394],[29.718636,59.989469],[29.718661,59.989529],[29.71868,59.989608],[29.718695,59.989717],[29.718664,59.989747],[29.718424,59.989736],[29.718345,59.989748],[29.71824,59.989778],[29.718183,59.989804],[29.718111,59.989854],[29.718126,59.989906],[29.718165,59.989929],[29.718192,59.990016],[29.71815,59.990035],[29.717822,59.990074],[29.717776,59.990076],[29.717737,59.990048],[29.717756,59.989992],[29.717748,59.989954],[29.717717,59.989928],[29.717497,59.989873],[29.717199,59.989829],[29.717014,59.989791],[29.716937,59.989756],[29.716867,59.989696],[29.716827,59.989644],[29.716808,59.989574]]],[[[29.731673,59.990188],[29.73169,59.990136],[29.73248,59.989521],[29.732397,59.989459],[29.732329,59.989365],[29.73232,59.989318],[29.732334,59.989259],[29.732362,59.989223],[29.732481,59.989151],[29.732572,59.989123],[29.732715,59.989094],[29.73285,59.989089],[29.732967,59.989101],[29.733093,59.989136],[29.733196,59.98921],[29.733261,59.98933],[29.733297,59.989355],[29.733379,59.989367],[29.733977,59.989406],[29.734679,59.989176],[29.736169,59.98868],[29.737231,59.989249],[29.736991,59.989334],[29.736291,59.988957],[29.735989,59.988886],[29.735274,59.989123],[29.735176,59.989191],[29.735419,59.989355],[29.735527,59.989436],[29.735913,59.989553],[29.736552,59.989317],[29.736721,59.989437],[29.735976,59.989709],[29.735957,59.989866],[29.735961,59.989901],[29.736,59.98996],[29.736069,59.990013],[29.736794,59.990546],[29.736629,59.990598],[29.736153,59.990247],[29.735975,59.990199],[29.735878,59.990185],[29.735634,59.990161],[29.734978,59.990132],[29.734582,59.990112],[29.734395,59.990105],[29.734101,59.990099],[29.733871,59.990114],[29.733805,59.990215],[29.73375,59.990254],[29.733663,59.990287],[29.733556,59.990307],[29.733427,59.990307],[29.733172,59.990261],[29.732633,59.990484],[29.732546,59.990498],[29.732461,59.990498],[29.732349,59.990485],[29.732233,59.99043],[29.732181,59.990396],[29.732107,59.990368],[29.731875,59.990352],[29.731775,59.990317],[29.731708,59.990275],[29.731673,59.990188]]],[[[29.74426,59.978893],[29.744679,59.978828],[29.744718,59.978884],[29.744954,59.97896],[29.746035,59.978836],[29.746023,59.978792],[29.746131,59.978728],[29.747265,59.978613],[29.747213,59.978416],[29.747716,59.978271],[29.748197,59.978411],[29.748165,59.978636],[29.749048,59.978787],[29.751591,59.979176],[29.75166,59.979077],[29.751769,59.979022],[29.751982,59.978962],[29.752116,59.978949],[29.752251,59.978959],[29.752342,59.978975],[29.752511,59.979037],[29.752597,59.979095],[29.752641,59.979156],[29.752658,59.979218],[29.752633,59.979336],[29.752582,59.97939],[29.752511,59.979438],[29.752405,59.979476],[29.752302,59.979505],[29.752159,59.979523],[29.75196,59.97952],[29.751805,59.979481],[29.751676,59.979416],[29.750621,59.979929],[29.750663,59.979952],[29.750461,59.980052],[29.750173,59.980186],[29.750144,59.98021],[29.749141,59.980726],[29.748876,59.980595],[29.748393,59.980332],[29.746784,59.980405],[29.746402,59.980413],[29.74635,59.980464],[29.746287,59.980483],[29.746206,59.980488],[29.74614,59.980478],[29.746073,59.980447],[29.746037,59.980411],[29.746034,59.980277],[29.745512,59.979124],[29.745546,59.97902],[29.74559,59.978962],[29.745748,59.978892],[29.745406,59.978939],[29.745438,59.979035],[29.745149,59.979076],[29.74517,59.979193],[29.745093,59.979245],[29.745041,59.979265],[29.744875,59.979284],[29.744798,59.979279],[29.744726,59.979248],[29.744581,59.979161],[29.744376,59.978954],[29.744313,59.978964],[29.74426,59.978893]]],[[[29.788272,60.028279],[29.789167,60.027945],[29.789217,60.027964],[29.791761,60.027042],[29.792162,60.027177],[29.792094,60.02721],[29.791802,60.027103],[29.789361,60.027998],[29.789453,60.028113],[29.789555,60.028105],[29.789641,60.028165],[29.790575,60.028176],[29.79105,60.028088],[29.791038,60.028063],[29.791145,60.028045],[29.791167,60.028067],[29.791764,60.02798],[29.791815,60.027986],[29.792045,60.02792],[29.792306,60.027816],[29.792386,60.027753],[29.792456,60.027621],[29.793127,60.027692],[29.793211,60.02776],[29.793255,60.027838],[29.793234,60.027991],[29.793152,60.028082],[29.792894,60.028241],[29.792185,60.028546],[29.791871,60.028668],[29.791653,60.028718],[29.791416,60.028751],[29.791117,60.028765],[29.79077,60.028772],[29.790769,60.028795],[29.790048,60.028796],[29.789997,60.02876],[29.788854,60.028785],[29.788778,60.028539],[29.788662,60.028358],[29.788552,60.028253],[29.788386,60.028305],[29.788389,60.02846],[29.788463,60.028906],[29.78864,60.028953],[29.78892,60.028948],[29.790072,60.028921],[29.790941,60.028889],[29.791576,60.028863],[29.791832,60.028822],[29.792147,60.028713],[29.792558,60.028546],[29.793225,60.028289],[29.793387,60.028047],[29.793442,60.02791],[29.793496,60.027811],[29.793494,60.027594],[29.793449,60.027546],[29.792847,60.027356],[29.792879,60.027321],[29.793491,60.027508],[29.793645,60.027614],[29.793571,60.027957],[29.793308,60.028341],[29.792619,60.028609],[29.791825,60.02889],[29.791605,60.028933],[29.788508,60.029031],[29.788305,60.028931],[29.788272,60.028279]]],[[[29.844869,60.083253],[29.844874,60.08322],[29.845089,60.082987],[29.845172,60.082951],[29.84527,60.082936],[29.845412,60.082958],[29.846275,60.083282],[29.846361,60.083344],[29.846534,60.084025],[29.846324,60.084071],[29.846397,60.084464],[29.848098,60.085709],[29.848794,60.08623],[29.849076,60.086425],[29.849249,60.086507],[29.850463,60.086878],[29.850869,60.087006],[29.85196,60.08734],[29.852514,60.087488],[29.853025,60.087522],[29.852604,60.088023],[29.852447,60.08807],[29.851716,60.088059],[29.849494,60.087361],[29.848706,60.087131],[29.848661,60.087109],[29.847779,60.086463],[29.846294,60.085358],[29.845432,60.084713],[29.84537,60.084663],[29.845335,60.08461],[29.844869,60.083253]]],[[[29.844996,60.021561],[29.845034,60.021539],[29.845154,60.021503],[29.845315,60.021468],[29.845777,60.02139],[29.846104,60.021361],[29.846431,60.02136],[29.846745,60.021353],[29.846852,60.021334],[29.847007,60.021281],[29.847067,60.021244],[29.847102,60.021181],[29.847056,60.020987],[29.847059,60.020937],[29.847096,60.02088],[29.847193,60.020831],[29.847434,60.020795],[29.847737,60.020763],[29.848016,60.020756],[29.848172,60.020775],[29.848349,60.02082],[29.848453,60.020853],[29.848537,60.020913],[29.848579,60.020961],[29.848606,60.021039],[29.84852,60.021228],[29.848523,60.021317],[29.848601,60.02136],[29.848722,60.021397],[29.848824,60.021401],[29.848907,60.021392],[29.849078,60.021386],[29.849526,60.021385],[29.849736,60.021404],[29.850095,60.021441],[29.850497,60.02148],[29.850567,60.021502],[29.850626,60.021542],[29.850629,60.021591],[29.850599,60.021636],[29.849888,60.021982],[29.849811,60.022002],[29.849027,60.022081],[29.848233,60.022156],[29.848035,60.022166],[29.847885,60.022168],[29.84748,60.022156],[29.847233,60.022136],[29.846774,60.022091],[29.846216,60.022044],[29.846045,60.022016],[29.845873,60.02198],[29.845742,60.021929],[29.845559,60.021845],[29.845084,60.021646],[29.844996,60.021589],[29.844996,60.021561]]],[[[29.871221,60.021634],[29.871247,60.021571],[29.871542,60.021421],[29.871674,60.021376],[29.87181,60.021367],[29.871987,60.021368],[29.872156,60.021396],[29.872341,60.021472],[29.872758,60.021757],[29.873341,60.021973],[29.873591,60.022056],[29.873993,60.022173],[29.87413,60.022204],[29.874385,60.022224],[29.874997,60.022215],[29.875428,60.022193],[29.875597,60.022177],[29.875775,60.022136],[29.875981,60.022054],[29.876249,60.021939],[29.876456,60.021896],[29.876796,60.02191],[29.876949,60.021953],[29.877255,60.022128],[29.877325,60.022207],[29.877317,60.022267],[29.877247,60.02233],[29.876718,60.022567],[29.876343,60.02269],[29.876185,60.022716],[29.875954,60.022729],[29.874535,60.022784],[29.873897,60.022815],[29.873739,60.022791],[29.873607,60.022755],[29.873347,60.022662],[29.87229,60.022296],[29.871526,60.021983],[29.871405,60.021876],[29.871242,60.021742],[29.871221,60.021634]]],[[[29.893399,60.026971],[29.893407,60.02686],[29.893461,60.026811],[29.893584,60.026767],[29.89382,60.02677],[29.894528,60.026846],[29.8951,60.027],[29.895202,60.027014],[29.895287,60.027014],[29.895435,60.026987],[29.895521,60.026944],[29.895676,60.026776],[29.895789,60.026693],[29.89602,60.026547],[29.89605,60.026543],[29.896768,60.026701],[29.896846,60.026723],[29.897492,60.026943],[29.897531,60.026961],[29.897213,60.027378],[29.897173,60.027437],[29.897173,60.027457],[29.897224,60.027479],[29.897377,60.027488],[29.898758,60.027832],[29.898831,60.027882],[29.89886,60.027945],[29.898831,60.028013],[29.898756,60.028055],[29.897787,60.028293],[29.89757,60.028307],[29.897423,60.0283],[29.896323,60.028213],[29.895738,60.02817],[29.895556,60.028141],[29.895129,60.028004],[29.89499,60.027961],[29.894424,60.027771],[29.894094,60.027657],[29.893785,60.027527],[29.893686,60.027464],[29.893611,60.027369],[29.893493,60.027158],[29.893399,60.026971]]]]}},{"type":"Feature","properties":{"id":"kurortny","name":"Курортный район","osm_relation_id":1115366},"geometry":{"type":"Polygon","coordinates":[[[29.965486,60.044811],[29.96561,60.044813],[29.965756,60.044785],[29.96597,60.044786],[29.966225,60.044719],[29.966583,60.044779],[29.966585,60.044552],[29.96674,60.044493],[29.966692,60.044387],[29.96684,60.044341],[29.967098,60.04422],[29.967364,60.044085],[29.967451,60.044105],[29.967446,60.044222],[29.967674,60.044201],[29.968003,60.04403],[29.968355,60.044021],[29.968417,60.043942],[29.969095,60.044034],[29.969617,60.043897],[29.970045,60.043609],[29.970228,60.043518],[29.970925,60.043351],[29.971391,60.043378],[29.971861,60.043374],[29.972177,60.043412],[29.972312,60.043481],[29.972439,60.043514],[29.972662,60.043536],[29.974564,60.04398],[29.974726,60.043998],[29.974853,60.043999],[29.975179,60.044015],[29.975476,60.044039],[29.975482,60.044023],[29.975561,60.044028],[29.975723,60.043481],[29.976965,60.040278],[29.977145,60.040295],[29.97804,60.037699],[29.978183,60.037392],[29.978547,60.036966],[29.980062,60.035658],[29.981687,60.034761],[29.984554,60.033636],[29.985226,60.033456],[29.986678,60.03289],[29.989028,60.031973],[29.99521,60.029657],[30.001298,60.027294],[30.003068,60.026566],[30.004375,60.025954],[30.004938,60.025644],[30.006666,60.024541],[30.008605,60.022789],[30.009447,60.021912],[30.009576,60.021678],[30.009804,60.021282],[30.009936,60.021039],[30.010108,60.021059],[30.010752,60.019853],[30.011209,60.019863],[30.011439,60.019803],[30.020566,60.017504],[30.020785,60.0177],[30.021146,60.018016],[30.022178,60.018969],[30.024721,60.018348],[30.025374,60.018188],[30.027462,60.017684],[30.025913,60.016132],[30.027851,60.015637],[30.031204,60.014784],[30.046447,60.010824],[30.042476,60.006963],[30.042441,60.006908],[30.044357,60.006552],[30.045186,60.006403],[30.045963,60.006267],[30.047067,60.006059],[30.051428,60.005316],[30.054029,60.004905],[30.059529,60.004432],[30.063646,60.003816],[30.065666,60.00352],[30.067404,60.003253],[30.070005,60.002871],[30.070553,60.002794],[30.071679,60.002643],[30.071932,60.002701],[30.072014,60.002692],[30.073153,60.002589],[30.074312,60.002527],[30.075445,60.002585],[30.07659,60.00277],[30.077621,60.003087],[30.078329,60.003412],[30.078898,60.003792],[30.079315,60.00421],[30.079628,60.004762],[30.079725,60.005277],[30.079999,60.007576],[30.080086,60.00898],[30.080324,60.013517],[30.080343,60.01388],[30.080614,60.016491],[30.079982,60.016786],[30.079104,60.027174],[30.119939,60.033581],[30.121293,60.033639],[30.133604,60.034222],[30.146187,60.034715],[30.146292,60.035902],[30.145876,60.035979],[30.145042,60.035983],[30.144688,60.036033],[30.144466,60.036182],[30.144248,60.036453],[30.144133,60.036524],[30.14386,60.036645],[30.14325,60.036805],[30.142649,60.037101],[30.142598,60.037263],[30.142775,60.037658],[30.14302,60.038005],[30.143059,60.038203],[30.143052,60.038369],[30.142829,60.038594],[30.142421,60.038877],[30.142182,60.039001],[30.141785,60.03918],[30.141647,60.03928],[30.141592,60.039353],[30.141507,60.039672],[30.141426,60.039804],[30.141363,60.039871],[30.141254,60.039929],[30.141098,60.039978],[30.140924,60.040022],[30.139484,60.040398],[30.139291,60.040454],[30.139154,60.040522],[30.138996,60.040651],[30.13891,60.040769],[30.13876,60.040986],[30.138738,60.041058],[30.138612,60.041191],[30.138482,60.041392],[30.138457,60.041454],[30.138379,60.041544],[30.138316,60.041682],[30.138276,60.041837],[30.138235,60.041933],[30.138223,60.042058],[30.138246,60.042136],[30.138386,60.042445],[30.138783,60.042962],[30.139068,60.043329],[30.139414,60.043568],[30.139856,60.043775],[30.14067,60.043993],[30.141481,60.044384],[30.14187,60.044665],[30.142114,60.044963],[30.142098,60.045154],[30.141824,60.045444],[30.141254,60.045691],[30.140891,60.045773],[30.140453,60.045893],[30.140022,60.046044],[30.139523,60.046138],[30.139384,60.046238],[30.139099,60.046298],[30.138522,60.046265],[30.137992,60.046301],[30.137159,60.046264],[30.136818,60.046272],[30.136431,60.046356],[30.136397,60.046505],[30.136165,60.046617],[30.135969,60.046634],[30.135711,60.046672],[30.135393,60.046612],[30.134698,60.046695],[30.134054,60.046843],[30.133624,60.047151],[30.133528,60.047412],[30.133581,60.047564],[30.133525,60.047611],[30.133583,60.047762],[30.133645,60.047795],[30.13372,60.047929],[30.1338,60.047957],[30.133847,60.048026],[30.133846,60.04807],[30.133975,60.048139],[30.13409,60.048534],[30.134096,60.048624],[30.13409,60.048736],[30.131254,60.051124],[30.134509,60.054208],[30.134861,60.056164],[30.135233,60.056642],[30.135558,60.057333],[30.135629,60.057614],[30.126182,60.056323],[30.126226,60.05673],[30.126578,60.056986],[30.126282,60.057471],[30.128249,60.057857],[30.135259,60.059682],[30.13577,60.059937],[30.136017,60.06017],[30.136191,60.06061],[30.136173,60.061417],[30.135887,60.063306],[30.135916,60.06407],[30.136015,60.064374],[30.136333,60.064707],[30.136766,60.065012],[30.137355,60.065246],[30.137829,60.065367],[30.137983,60.06542],[30.138158,60.06595],[30.138141,60.066308],[30.136916,60.06825],[30.135428,60.070608],[30.133216,60.072642],[30.119135,60.070006],[30.116017,60.071879],[30.112105,60.072667],[30.104225,60.079593],[30.102799,60.080853],[30.094541,60.085319],[30.08843,60.086581],[30.087186,60.086877],[30.083281,60.088145],[30.076887,60.090447],[30.074207,60.093966],[30.070784,60.09625],[30.072904,60.097271],[30.085124,60.104261],[30.087964,60.1076],[30.088364,60.1078],[30.088483,60.107866],[30.088522,60.107919],[30.088639,60.107979],[30.08881,60.107983],[30.088905,60.107973],[30.088997,60.107946],[30.089226,60.107862],[30.089357,60.107854],[30.08947,60.107872],[30.089585,60.107856],[30.089721,60.10781],[30.089847,60.107795],[30.089952,60.107799],[30.090041,60.107793],[30.090103,60.107763],[30.090128,60.107701],[30.090083,60.107612],[30.090094,60.107572],[30.090158,60.107534],[30.090387,60.107479],[30.090532,60.107458],[30.090669,60.107455],[30.090819,60.107444],[30.090963,60.107457],[30.091039,60.107493],[30.09112,60.107498],[30.091154,60.107489],[30.091203,60.107451],[30.091213,60.107397],[30.09124,60.107361],[30.091298,60.107342],[30.091435,60.107348],[30.091482,60.107365],[30.091761,60.107379],[30.091872,60.107394],[30.092015,60.107493],[30.092093,60.107526],[30.092253,60.107531],[30.092351,60.107542],[30.092616,60.107549],[30.092717,60.107573],[30.092834,60.107551],[30.092937,60.10747],[30.093,60.107389],[30.092981,60.10734],[30.092907,60.10729],[30.092926,60.107253],[30.093052,60.107208],[30.093131,60.107199],[30.093285,60.107163],[30.093464,60.107154],[30.093775,60.107159],[30.093865,60.107166],[30.093977,60.107157],[30.094193,60.107105],[30.09425,60.107072],[30.094302,60.107024],[30.094356,60.106995],[30.094416,60.106949],[30.094495,60.106822],[30.094547,60.106765],[30.094625,60.106717],[30.094722,60.106701],[30.094802,60.106709],[30.094932,60.106732],[30.095058,60.106808],[30.095273,60.106905],[30.095361,60.10695],[30.095584,60.10708],[30.095797,60.107165],[30.095862,60.107184],[30.096035,60.107217],[30.096162,60.107236],[30.09624,60.107269],[30.09632,60.10732],[30.096436,60.107363],[30.096532,60.10738],[30.096699,60.107388],[30.097,60.107415],[30.097078,60.107395],[30.097117,60.107357],[30.097132,60.107322],[30.097075,60.107215],[30.097043,60.107118],[30.097049,60.107092],[30.097097,60.10706],[30.0972,60.107073],[30.097357,60.107129],[30.097411,60.107159],[30.097462,60.107166],[30.097548,60.107143],[30.097673,60.107092],[30.097776,60.10707],[30.098054,60.107001],[30.098266,60.106936],[30.098502,60.106888],[30.098836,60.106803],[30.099159,60.106726],[30.099611,60.106611],[30.09986,60.106537],[30.100044,60.10649],[30.100299,60.106441],[30.100557,60.106427],[30.100987,60.106381],[30.101246,60.106383],[30.101508,60.106368],[30.10165,60.106381],[30.101773,60.106381],[30.10197,60.106376],[30.102172,60.10636],[30.102432,60.106361],[30.102851,60.106367],[30.103113,60.106358],[30.103366,60.106345],[30.103749,60.106335],[30.104156,60.106318],[30.104398,60.106313],[30.104666,60.106314],[30.104975,60.106333],[30.105139,60.106341],[30.105256,60.10634],[30.105398,60.106327],[30.105652,60.10627],[30.1059,60.106239],[30.106098,60.106226],[30.106226,60.106229],[30.106437,60.106289],[30.106615,60.106323],[30.106902,60.106363],[30.107099,60.106407],[30.107256,60.106455],[30.107376,60.106471],[30.107536,60.106481],[30.10762,60.106494],[30.107773,60.106537],[30.10789,60.106555],[30.10807,60.106561],[30.108192,60.106572],[30.108362,60.106595],[30.108598,60.106649],[30.108722,60.106669],[30.10888,60.106677],[30.109014,60.106693],[30.109262,60.106727],[30.109391,60.106721],[30.109616,60.106687],[30.10979,60.106722],[30.109965,60.106797],[30.110043,60.106819],[30.110311,60.10686],[30.110299,60.106899],[30.110259,60.106921],[30.110128,60.106929],[30.109992,60.106923],[30.109892,60.1069],[30.109764,60.106884],[30.109685,60.106892],[30.109607,60.106945],[30.109514,60.107068],[30.109466,60.107081],[30.109298,60.107097],[30.109239,60.10711],[30.109001,60.107121],[30.108943,60.107151],[30.108909,60.107228],[30.10899,60.10732],[30.109115,60.107385],[30.109119,60.107437],[30.109005,60.107493],[30.109007,60.107507],[30.109128,60.107584],[30.109144,60.107636],[30.109139,60.107679],[30.109086,60.107759],[30.109076,60.107856],[30.109112,60.107892],[30.109164,60.107921],[30.109191,60.107967],[30.109141,60.108038],[30.109176,60.10807],[30.109227,60.108078],[30.109352,60.108072],[30.109414,60.108046],[30.109534,60.107961],[30.109587,60.107951],[30.109655,60.107959],[30.109693,60.107981],[30.109755,60.10807],[30.109748,60.108162],[30.109714,60.108213],[30.109702,60.108296],[30.109674,60.108351],[30.109625,60.108393],[30.109568,60.108422],[30.10944,60.10845],[30.109249,60.108449],[30.109041,60.108474],[30.108862,60.108453],[30.10876,60.108451],[30.108667,60.108463],[30.108617,60.108479],[30.108298,60.108678],[30.108326,60.108713],[30.108385,60.108731],[30.108601,60.108758],[30.108836,60.108839],[30.108878,60.108859],[30.108889,60.108884],[30.108866,60.108912],[30.108764,60.108962],[30.108718,60.109015],[30.108636,60.109027],[30.108486,60.108977],[30.108374,60.10889],[30.108323,60.108874],[30.108266,60.10888],[30.108227,60.108904],[30.108216,60.108971],[30.108303,60.109093],[30.108294,60.109217],[30.108349,60.109265],[30.108416,60.109305],[30.108516,60.109302],[30.108547,60.109279],[30.108586,60.109223],[30.10865,60.109206],[30.108775,60.109209],[30.108852,60.109237],[30.108931,60.109249],[30.109009,60.109271],[30.109042,60.109303],[30.109042,60.109362],[30.108959,60.109388],[30.108903,60.109391],[30.108805,60.109415],[30.108692,60.109431],[30.108664,60.109463],[30.108667,60.109517],[30.108813,60.109583],[30.10898,60.109702],[30.109041,60.109793],[30.109031,60.109864],[30.108992,60.10993],[30.108956,60.109961],[30.108744,60.110091],[30.108704,60.110122],[30.108689,60.11019],[30.108743,60.110296],[30.108722,60.110331],[30.108574,60.110443],[30.108541,60.110509],[30.108527,60.110608],[30.108437,60.110669],[30.108329,60.110714],[30.108227,60.110742],[30.108089,60.110791],[30.10806,60.110821],[30.108019,60.110926],[30.107914,60.11108],[30.107917,60.111133],[30.107956,60.111193],[30.107921,60.111224],[30.10784,60.111263],[30.107769,60.11131],[30.107706,60.111327],[30.107649,60.111328],[30.107519,60.111296],[30.107466,60.111314],[30.107426,60.111365],[30.107461,60.111423],[30.107513,60.111444],[30.107651,60.11147],[30.107726,60.111502],[30.10778,60.111572],[30.107791,60.111683],[30.107858,60.111744],[30.107924,60.111767],[30.108009,60.11177],[30.108064,60.111789],[30.108154,60.111866],[30.108177,60.11192],[30.10815,60.111968],[30.108051,60.112043],[30.108046,60.112135],[30.108204,60.112525],[30.108258,60.112592],[30.108367,60.11262],[30.108451,60.11262],[30.108553,60.112568],[30.108593,60.112524],[30.108657,60.112503],[30.108743,60.112521],[30.108829,60.112612],[30.10899,60.112623],[30.109068,60.11265],[30.109062,60.112714],[30.109089,60.112763],[30.109291,60.112858],[30.109411,60.112892],[30.109558,60.112882],[30.109652,60.112906],[30.109687,60.11294],[30.109698,60.11302],[30.109572,60.113087],[30.109493,60.113158],[30.109524,60.113218],[30.10958,60.113247],[30.10984,60.11326],[30.110009,60.113252],[30.110127,60.113278],[30.110267,60.11335],[30.110419,60.113394],[30.110521,60.113371],[30.110717,60.113189],[30.110937,60.113166],[30.111141,60.113191],[30.111303,60.113232],[30.111404,60.113266],[30.111455,60.113312],[30.111476,60.113391],[30.11146,60.113474],[30.111477,60.113562],[30.111547,60.113643],[30.11163,60.113673],[30.111783,60.113686],[30.111877,60.113683],[30.112057,60.1136],[30.1123,60.113508],[30.112436,60.113512],[30.112545,60.113586],[30.112626,60.113625],[30.112804,60.113653],[30.112981,60.113664],[30.113075,60.113647],[30.113153,60.113648],[30.113193,60.113695],[30.113055,60.113772],[30.113032,60.113844],[30.113056,60.113898],[30.113118,60.113938],[30.113233,60.113993],[30.11334,60.114014],[30.113413,60.114053],[30.113601,60.114174],[30.113667,60.114261],[30.113676,60.114362],[30.113761,60.114436],[30.113858,60.114477],[30.114027,60.114446],[30.114332,60.114335],[30.114709,60.114006],[30.119594,60.112606],[30.123906,60.114236],[30.125102,60.113581],[30.127407,60.114488],[30.133734,60.112182],[30.138682,60.114341],[30.137802,60.114848],[30.138024,60.115148],[30.137691,60.116287],[30.137691,60.116805],[30.137961,60.117053],[30.138045,60.117809],[30.138336,60.118316],[30.138668,60.118533],[30.138251,60.118942],[30.137996,60.118984],[30.138875,60.120038],[30.152528,60.117342],[30.173362,60.113241],[30.175429,60.115463],[30.177088,60.117731],[30.177791,60.118809],[30.179163,60.118523],[30.180993,60.11814],[30.182206,60.117915],[30.18296,60.117803],[30.183495,60.117727],[30.184427,60.117615],[30.184823,60.117575],[30.185736,60.117491],[30.186238,60.117446],[30.186746,60.117414],[30.187467,60.117393],[30.187842,60.117383],[30.188827,60.117367],[30.189597,60.11735],[30.189586,60.117387],[30.193866,60.117299],[30.195312,60.117275],[30.195336,60.117795],[30.194667,60.118186],[30.189431,60.118228],[30.189497,60.118437],[30.189618,60.118675],[30.189933,60.119098],[30.190396,60.119522],[30.191002,60.119971],[30.191513,60.120235],[30.192062,60.12048],[30.194738,60.121539],[30.193263,60.127768],[30.183559,60.127418],[30.183397,60.128881],[30.183316,60.129406],[30.182699,60.129416],[30.182516,60.129422],[30.181949,60.129425],[30.181468,60.129416],[30.181236,60.129397],[30.181068,60.129388],[30.180836,60.12939],[30.180631,60.129371],[30.180405,60.129404],[30.180306,60.129402],[30.180165,60.129351],[30.180104,60.129344],[30.179749,60.129348],[30.179247,60.129375],[30.179041,60.129341],[30.178846,60.129332],[30.178583,60.129355],[30.178401,60.129359],[30.178241,60.12935],[30.177905,60.129358],[30.1776,60.129328],[30.177112,60.129346],[30.176903,60.129344],[30.176651,60.12932],[30.176438,60.129311],[30.176354,60.129294],[30.176262,60.129246],[30.17614,60.129222],[30.176033,60.129226],[30.175862,60.129254],[30.175634,60.129276],[30.175538,60.129268],[30.175412,60.129238],[30.175298,60.12923],[30.175218,60.129242],[30.175154,60.129267],[30.175104,60.129369],[30.175063,60.129387],[30.174983,60.129394],[30.17483,60.129385],[30.1747,60.129362],[30.174556,60.129317],[30.17409,60.129156],[30.173811,60.129076],[30.173311,60.128927],[30.173185,60.128861],[30.173071,60.128841],[30.172827,60.128853],[30.172606,60.128788],[30.172202,60.128884],[30.171926,60.12879],[30.171588,60.128772],[30.172025,60.12926],[30.172535,60.129919],[30.173094,60.130289],[30.172978,60.131456],[30.173061,60.131463],[30.173085,60.131501],[30.173085,60.13157],[30.173002,60.131619],[30.172903,60.131688],[30.172795,60.13292],[30.172733,60.133439],[30.173102,60.133969],[30.173458,60.134385],[30.173592,60.1345],[30.173684,60.134546],[30.173734,60.134624],[30.174859,60.134313],[30.174879,60.134274],[30.174933,60.134214],[30.175147,60.134261],[30.175126,60.134285],[30.175776,60.13463],[30.175988,60.135072],[30.176289,60.135636],[30.176562,60.135893],[30.175942,60.13613],[30.175789,60.135997],[30.174332,60.136323],[30.172856,60.135072],[30.171473,60.133882],[30.171613,60.132981],[30.169483,60.132072],[30.169499,60.132307],[30.169085,60.132705],[30.167355,60.132101],[30.166862,60.132212],[30.166253,60.131816],[30.165986,60.131603],[30.166942,60.131145],[30.166148,60.130728],[30.165717,60.130523],[30.164612,60.130038],[30.164119,60.130137],[30.163972,60.130121],[30.163947,60.130006],[30.163774,60.129955],[30.16364,60.129898],[30.163428,60.129866],[30.163147,60.12985],[30.162962,60.129879],[30.162738,60.129908],[30.162456,60.129901],[30.162296,60.129831],[30.162232,60.129732],[30.162143,60.129666],[30.16204,60.129669],[30.161951,60.129726],[30.16181,60.129787],[30.161689,60.129822],[30.161612,60.129799],[30.161606,60.129707],[30.161529,60.129659],[30.161388,60.129675],[30.161203,60.129707],[30.160927,60.129729],[30.160774,60.12971],[30.154058,60.132062],[30.147386,60.134373],[30.131887,60.13489],[30.103959,60.135316],[30.088719,60.135549],[30.067888,60.135866],[30.059551,60.136016],[30.018022,60.144287],[30.020621,60.151007],[30.021098,60.151719],[30.020967,60.152184],[30.018548,60.154311],[30.014177,60.155724],[30.012456,60.156332],[30.0123,60.157145],[30.011925,60.158771],[30.010126,60.159552],[30.00761,60.162204],[30.007355,60.162467],[30.007418,60.162553],[30.008712,60.16431],[30.007324,60.164998],[30.006834,60.164992],[30.006511,60.165061],[30.003608,60.165556],[30.002914,60.165681],[30.001458,60.161844],[30.001302,60.161825],[30.001209,60.161744],[30.00116,60.161547],[30.000915,60.16139],[30.00073,60.161399],[30.000572,60.161442],[30.000354,60.161576],[29.999658,60.161919],[29.99951,60.161954],[29.999326,60.161915],[29.999224,60.161818],[29.999143,60.161729],[29.999231,60.16159],[29.99951,60.161367],[29.999489,60.161276],[29.999419,60.161173],[29.999255,60.161107],[29.998867,60.161153],[29.99855,60.161287],[29.998422,60.16137],[29.998309,60.161499],[29.998227,60.161668],[29.998205,60.161758],[29.99804,60.161963],[29.997869,60.162057],[29.996785,60.162325],[29.996356,60.16235],[29.99583,60.162321],[29.995433,60.162349],[29.995001,60.162353],[29.994805,60.162504],[29.994889,60.16268],[29.995055,60.162819],[29.995181,60.163015],[29.995095,60.163118],[29.994894,60.163167],[29.994623,60.16322],[29.99413,60.163227],[29.99377,60.163166],[29.993218,60.163026],[29.992682,60.162965],[29.992441,60.162992],[29.992267,60.162993],[29.992124,60.163049],[29.992432,60.163278],[29.992583,60.163477],[29.992547,60.163532],[29.992169,60.163562],[29.99197,60.163549],[29.991666,60.163554],[29.99101,60.163719],[29.990691,60.163654],[29.990125,60.163578],[29.98975,60.163702],[29.989752,60.163778],[29.989856,60.163828],[29.990124,60.163937],[29.990114,60.164105],[29.9899,60.164172],[29.989366,60.164273],[29.989087,60.164353],[29.988681,60.164573],[29.988265,60.164712],[29.988105,60.164836],[29.988155,60.165157],[29.987965,60.165322],[29.987537,60.165405],[29.986883,60.165515],[29.986646,60.165503],[29.986418,60.165564],[29.986262,60.165694],[29.986388,60.165829],[29.986975,60.166052],[29.987517,60.166409],[29.987471,60.166545],[29.987391,60.166637],[29.987107,60.166627],[29.986977,60.166498],[29.986554,60.166358],[29.986002,60.166333],[29.985263,60.166443],[29.985102,60.166548],[29.985059,60.166607],[29.984973,60.166846],[29.985115,60.166981],[29.985357,60.167127],[29.986027,60.167349],[29.986184,60.167468],[29.986278,60.167555],[29.986541,60.167848],[29.986792,60.167954],[29.986841,60.168056],[29.986742,60.168189],[29.986596,60.168259],[29.986329,60.168302],[29.986035,60.168265],[29.985734,60.168013],[29.985563,60.1676],[29.985594,60.167472],[29.985391,60.167406],[29.985058,60.167437],[29.98467,60.167624],[29.984419,60.167722],[29.98411,60.167721],[29.983916,60.167696],[29.983681,60.16751],[29.983372,60.167373],[29.982909,60.16728],[29.982542,60.167247],[29.982235,60.167255],[29.982129,60.167333],[29.982169,60.167502],[29.98234,60.167854],[29.982481,60.168104],[29.982609,60.168345],[29.982854,60.168552],[29.983121,60.16865],[29.983364,60.168659],[29.983651,60.168623],[29.983791,60.168491],[29.983851,60.168304],[29.983993,60.168212],[29.984174,60.168235],[29.98438,60.168308],[29.984499,60.168422],[29.984544,60.168587],[29.984572,60.168909],[29.984624,60.168996],[29.984807,60.169086],[29.984844,60.16919],[29.984805,60.169498],[29.984647,60.169663],[29.984588,60.169833],[29.984302,60.170018],[29.984107,60.170149],[29.984031,60.170207],[29.983924,60.170264],[29.983772,60.170235],[29.983687,60.170154],[29.983625,60.170037],[29.983723,60.169823],[29.983799,60.169621],[29.983767,60.16955],[29.98363,60.16947],[29.98342,60.169412],[29.983274,60.169405],[29.983158,60.169447],[29.982914,60.169713],[29.982814,60.169913],[29.982705,60.169994],[29.982423,60.170004],[29.9822,60.169974],[29.981984,60.169973],[29.981815,60.170003],[29.98162,60.170078],[29.981433,60.170166],[29.981409,60.17032],[29.981546,60.17042],[29.98193,60.170589],[29.982225,60.170802],[29.982478,60.171119],[29.98253,60.171384],[29.982427,60.171435],[29.982266,60.171449],[29.981971,60.171382],[29.981746,60.171258],[29.98149,60.171183],[29.981139,60.17116],[29.980881,60.171204],[29.980952,60.17127],[29.981461,60.171436],[29.981481,60.171565],[29.981417,60.171707],[29.981119,60.171966],[29.981107,60.172091],[29.980919,60.172434],[29.980816,60.172539],[29.980716,60.172625],[29.980623,60.172686],[29.980554,60.172686],[29.98047,60.172658],[29.98041,60.172613],[29.980431,60.172532],[29.980527,60.172307],[29.980186,60.172263],[29.979298,60.172246],[29.978725,60.17212],[29.978089,60.171915],[29.977663,60.171769],[29.977142,60.171804],[29.976469,60.171963],[29.976036,60.17208],[29.975371,60.17204],[29.975155,60.172196],[29.975198,60.172427],[29.975467,60.172683],[29.97572,60.172754],[29.975977,60.172911],[29.975973,60.173043],[29.975661,60.173144],[29.974709,60.173226],[29.974412,60.173336],[29.974348,60.173484],[29.974513,60.17372],[29.974353,60.173788],[29.974047,60.173758],[29.973746,60.173534],[29.973249,60.172975],[29.972692,60.172921],[29.972533,60.173125],[29.972665,60.173293],[29.972989,60.173404],[29.973071,60.173595],[29.972815,60.173742],[29.972341,60.173876],[29.971935,60.173794],[29.971803,60.173606],[29.971771,60.173468],[29.971543,60.17345],[29.970534,60.173595],[29.970188,60.173672],[29.969877,60.173645],[29.969576,60.173453],[29.969344,60.173481],[29.969175,60.173588],[29.969275,60.173733],[29.969882,60.173926],[29.969896,60.174058],[29.969334,60.174509],[29.969125,60.174532],[29.968819,60.174455],[29.968563,60.174473],[29.968413,60.174707],[29.96803,60.174896],[29.96769,60.174878],[29.967226,60.174676],[29.966716,60.174506],[29.966454,60.174552],[29.966349,60.174781],[29.965939,60.175126],[29.966039,60.175661],[29.96594,60.175764],[29.965685,60.175779],[29.964461,60.175218],[29.964285,60.175258],[29.964218,60.175342],[29.964561,60.175704],[29.964388,60.176022],[29.96436,60.176178],[29.964164,60.176242],[29.963911,60.176267],[29.963622,60.176262],[29.96334,60.176253],[29.962647,60.176547],[29.962494,60.176727],[29.96224,60.176795],[29.96197,60.176801],[29.961712,60.176753],[29.961378,60.176635],[29.960947,60.176493],[29.959901,60.176412],[29.959146,60.176485],[29.958495,60.176507],[29.958202,60.176416],[29.958191,60.1763],[29.958277,60.176212],[29.958511,60.176109],[29.958808,60.17608],[29.959232,60.176075],[29.959326,60.175956],[29.959255,60.175639],[29.959149,60.175481],[29.958796,60.17535],[29.958026,60.175181],[29.957706,60.175127],[29.957236,60.175174],[29.956954,60.175247],[29.956727,60.175388],[29.956641,60.175796],[29.956309,60.176004],[29.955901,60.176082],[29.955845,60.17594],[29.956177,60.175572],[29.956157,60.17548],[29.95593,60.175433],[29.955517,60.175494],[29.954564,60.175846],[29.954595,60.175959],[29.954909,60.175961],[29.955017,60.175886],[29.955172,60.175861],[29.955362,60.175942],[29.955392,60.176062],[29.95511,60.176417],[29.955083,60.176494],[29.955246,60.176663],[29.955258,60.176793],[29.955059,60.176896],[29.954849,60.176964],[29.954334,60.176922],[29.954007,60.176967],[29.953665,60.176961],[29.953032,60.17679],[29.952691,60.176735],[29.952221,60.176798],[29.951659,60.176855],[29.951462,60.176957],[29.951227,60.177059],[29.948018,60.178355],[29.941823,60.179559],[29.936617,60.181957],[29.933989,60.181593],[29.932359,60.182191],[29.926905,60.183313],[29.925675,60.181904],[29.92558,60.181918],[29.923721,60.182291],[29.909271,60.185068],[29.905472,60.185834],[29.905308,60.186631],[29.892634,60.189091],[29.894129,60.192206],[29.894076,60.192299],[29.892645,60.195081],[29.892551,60.195092],[29.884609,60.195256],[29.871663,60.193814],[29.868675,60.19553],[29.867854,60.195245],[29.866574,60.195267],[29.86553,60.19533],[29.863178,60.196697],[29.86172,60.196598],[29.86092,60.196472],[29.86055,60.196629],[29.860306,60.196646],[29.859804,60.196507],[29.859171,60.196641],[29.858219,60.196613],[29.854576,60.196288],[29.85364,60.196162],[29.852588,60.196374],[29.849118,60.197295],[29.843411,60.20019],[29.836887,60.2035],[29.835335,60.203303],[29.834087,60.203255],[29.833591,60.202973],[29.832886,60.202718],[29.831437,60.203519],[29.825993,60.206385],[29.827145,60.206813],[29.828258,60.206362],[29.830155,60.206915],[29.801882,60.221253],[29.800569,60.221383],[29.800286,60.221367],[29.80008,60.22138],[29.79895,60.221368],[29.797844,60.221442],[29.796662,60.221808],[29.795669,60.221941],[29.794484,60.2224],[29.793768,60.222514],[29.792947,60.222536],[29.792137,60.222428],[29.79105,60.222235],[29.79079,60.222203],[29.789783,60.222097],[29.788502,60.221978],[29.786254,60.222005],[29.785676,60.222078],[29.785212,60.222299],[29.785049,60.222558],[29.785064,60.222929],[29.784973,60.223235],[29.783314,60.224664],[29.782649,60.224847],[29.780456,60.224988],[29.779845,60.225172],[29.779743,60.225185],[29.778743,60.225474],[29.777743,60.225749],[29.77684,60.22607],[29.776022,60.226497],[29.775491,60.227065],[29.774965,60.227395],[29.774248,60.22768],[29.77344,60.228321],[29.772598,60.228777],[29.771608,60.229482],[29.770576,60.230358],[29.77042,60.230659],[29.77046,60.230693],[29.770735,60.231078],[29.771061,60.233052],[29.759787,60.236987],[29.758015,60.242701],[29.745637,60.241956],[29.734626,60.239682],[29.729601,60.239787],[29.725947,60.240392],[29.724697,60.240921],[29.721606,60.241706],[29.719385,60.241395],[29.71486,60.24163],[29.713395,60.241475],[29.709703,60.239798],[29.712763,60.239542],[29.713382,60.238541],[29.714121,60.237381],[29.714023,60.236751],[29.714116,60.236516],[29.715043,60.236225],[29.717515,60.235241],[29.716405,60.234775],[29.717501,60.23393],[29.714154,60.23261],[29.715043,60.232032],[29.715502,60.230773],[29.717973,60.229696],[29.720457,60.228299],[29.719982,60.22744],[29.719902,60.225924],[29.711854,60.226825],[29.708465,60.228074],[29.705045,60.229785],[29.705294,60.230382],[29.700886,60.232375],[29.698673,60.232807],[29.698407,60.233076],[29.697229,60.233766],[29.69525,60.234742],[29.696675,60.23593],[29.697579,60.236645],[29.699474,60.236301],[29.701229,60.237172],[29.703034,60.237193],[29.705555,60.238473],[29.70587,60.238841],[29.705978,60.239008],[29.706835,60.239192],[29.708327,60.239808],[29.708302,60.241207],[29.707871,60.241558],[29.706551,60.242636],[29.70651,60.243936],[29.702727,60.244299],[29.702663,60.244574],[29.699898,60.244837],[29.69586,60.24071],[29.695153,60.239986],[29.694341,60.24002],[29.69265,60.240087],[29.683167,60.240469],[29.682429,60.239984],[29.680839,60.238251],[29.680259,60.238109],[29.680002,60.237733],[29.679472,60.237774],[29.67933,60.237776],[29.679149,60.237748],[29.679037,60.237699],[29.678921,60.237603],[29.678839,60.237462],[29.678677,60.237303],[29.678408,60.237156],[29.678136,60.237043],[29.677788,60.236942],[29.677561,60.236918],[29.676405,60.236944],[29.675708,60.23697],[29.673903,60.237051],[29.669084,60.23793],[29.663205,60.239326],[29.657004,60.240483],[29.65348,60.241008],[29.648016,60.241481],[29.643965,60.242192],[29.643433,60.241756],[29.642125,60.2407],[29.640538,60.239443],[29.639846,60.239019],[29.641709,60.238123],[29.643487,60.237502],[29.6437,60.237408],[29.643382,60.237085],[29.642965,60.236983],[29.641429,60.237086],[29.640079,60.236312],[29.637037,60.233675],[29.631471,60.234698],[29.626412,60.236291],[29.623626,60.237464],[29.621329,60.237163],[29.619892,60.234418],[29.615267,60.23384],[29.61317,60.233086],[29.61113,60.232144],[29.607723,60.231029],[29.602669,60.233788],[29.601217,60.234233],[29.600897,60.234432],[29.600833,60.234314],[29.600619,60.234212],[29.600521,60.234037],[29.600285,60.233477],[29.600385,60.232375],[29.599905,60.232032],[29.599325,60.231],[29.598915,60.230231],[29.598393,60.229704],[29.598271,60.229195],[29.597972,60.229086],[29.597416,60.228964],[29.596521,60.228999],[29.595912,60.22911],[29.594759,60.229208],[29.593163,60.229123],[29.592128,60.228834],[29.589191,60.227608],[29.588542,60.227111],[29.58839,60.226794],[29.588344,60.226674],[29.587817,60.226002],[29.586918,60.224504],[29.586058,60.223433],[29.585489,60.222901],[29.58475,60.222002],[29.583842,60.221767],[29.583588,60.221696],[29.582422,60.221303],[29.581163,60.220784],[29.580435,60.220449],[29.579837,60.220142],[29.579271,60.219815],[29.567127,60.222429],[29.558513,60.223746],[29.551229,60.225014],[29.538774,60.223674],[29.536705,60.220767],[29.533662,60.221711],[29.521235,60.225715],[29.521527,60.225839],[29.522263,60.228074],[29.521511,60.233469],[29.521279,60.233478],[29.520805,60.232979],[29.520349,60.232469],[29.520323,60.232453],[29.517375,60.231035],[29.517301,60.230964],[29.515444,60.229944],[29.514042,60.229153],[29.51185,60.22791],[29.511155,60.22735],[29.505799,60.22574],[29.499675,60.22255],[29.496986,60.221163],[29.496558,60.221376],[29.496345,60.221623],[29.496105,60.221717],[29.495169,60.221982],[29.494982,60.222022],[29.49483,60.221952],[29.494343,60.221755],[29.494167,60.221808],[29.494038,60.221903],[29.493986,60.222159],[29.493784,60.222379],[29.493237,60.222492],[29.492634,60.222559],[29.492539,60.222652],[29.492387,60.222751],[29.49263,60.222933],[29.492538,60.223207],[29.491629,60.223571],[29.491537,60.22374],[29.491764,60.223836],[29.491703,60.22414],[29.491465,60.224292],[29.490615,60.22443],[29.490442,60.224933],[29.490216,60.225061],[29.49001,60.225118],[29.489811,60.224983],[29.489937,60.224524],[29.489957,60.224458],[29.489876,60.224379],[29.489627,60.224274],[29.489154,60.224382],[29.482201,60.22101],[29.481403,60.220599],[29.475291,60.217511],[29.455554,60.207538],[29.451953,60.205368],[29.433794,60.196094],[29.43254,60.195454],[29.427183,60.192443],[29.425758,60.190738],[29.427188,60.190388],[29.447724,60.188985],[29.448637,60.188743],[29.449559,60.18859],[29.449863,60.188045],[29.450394,60.187401],[29.450937,60.186994],[29.451169,60.185865],[29.454458,60.184935],[29.456661,60.184968],[29.458975,60.184836],[29.460023,60.183736],[29.468653,60.185242],[29.469963,60.183608],[29.46832,60.183396],[29.469156,60.181537],[29.466759,60.181382],[29.463477,60.181349],[29.463173,60.181235],[29.456995,60.181081],[29.454997,60.180934],[29.453087,60.180701],[29.449074,60.179966],[29.447376,60.179594],[29.447244,60.179561],[29.445115,60.178979],[29.442719,60.17808],[29.439595,60.176722],[29.4389,60.176428],[29.439295,60.176227],[29.439528,60.176065],[29.439698,60.175941],[29.438937,60.175914],[29.438515,60.175822],[29.438343,60.175636],[29.43834,60.175453],[29.438477,60.175388],[29.438703,60.17536],[29.438885,60.175463],[29.439107,60.175471],[29.43933,60.175404],[29.439788,60.175453],[29.439992,60.175732],[29.440373,60.175494],[29.440546,60.175241],[29.440519,60.174983],[29.440624,60.174806],[29.441375,60.174878],[29.441896,60.175012],[29.442228,60.174972],[29.442396,60.174858],[29.442438,60.17475],[29.442283,60.174647],[29.44204,60.174678],[29.441664,60.17467],[29.441491,60.174566],[29.441561,60.174464],[29.441796,60.174377],[29.441893,60.174233],[29.441879,60.174019],[29.441911,60.173836],[29.442073,60.173659],[29.442336,60.173501],[29.442597,60.173434],[29.442849,60.173492],[29.442983,60.173664],[29.442752,60.174062],[29.44273,60.174234],[29.442871,60.174306],[29.443111,60.174329],[29.443465,60.174224],[29.443497,60.174106],[29.443452,60.173963],[29.443688,60.173881],[29.443844,60.173788],[29.44399,60.173633],[29.443993,60.173542],[29.444972,60.173182],[29.445719,60.173236],[29.445947,60.17331],[29.445978,60.173449],[29.446067,60.173575],[29.446187,60.173623],[29.446586,60.173584],[29.446908,60.173688],[29.447336,60.173754],[29.44762,60.173685],[29.447654,60.173539],[29.447699,60.173286],[29.448026,60.172648],[29.448231,60.172507],[29.448668,60.172456],[29.4491,60.172559],[29.449403,60.172659],[29.44966,60.172611],[29.450118,60.172266],[29.450089,60.17193],[29.450083,60.171796],[29.449923,60.17155],[29.449713,60.171494],[29.449362,60.171549],[29.449042,60.171537],[29.448815,60.171431],[29.449019,60.171197],[29.449412,60.171097],[29.449902,60.171086],[29.451399,60.171611],[29.451831,60.171764],[29.451813,60.17188],[29.45205,60.171972],[29.45235,60.172004],[29.452776,60.171935],[29.453144,60.171861],[29.453384,60.171738],[29.453873,60.171739],[29.45446,60.171809],[29.454781,60.172051],[29.455275,60.172263],[29.455846,60.172265],[29.456052,60.172085],[29.455949,60.171892],[29.456311,60.171622],[29.45674,60.171593],[29.457579,60.171641],[29.458473,60.171904],[29.460368,60.172295],[29.461317,60.172089],[29.462082,60.172264],[29.462692,60.172472],[29.463194,60.172724],[29.463641,60.172831],[29.464178,60.172962],[29.46458,60.17305],[29.465035,60.173156],[29.465736,60.173315],[29.466489,60.173447],[29.467657,60.173671],[29.468548,60.174102],[29.46914,60.174399],[29.469879,60.174603],[29.470098,60.174766],[29.470324,60.174939],[29.470567,60.175144],[29.470774,60.175407],[29.471155,60.175615],[29.471439,60.175793],[29.471897,60.175912],[29.472673,60.176091],[29.473088,60.176241],[29.473867,60.176452],[29.474674,60.17664],[29.47541,60.176806],[29.476223,60.177008],[29.477684,60.177308],[29.479692,60.17765],[29.480971,60.177824],[29.48302,60.17805],[29.483925,60.178188],[29.486444,60.178279],[29.487823,60.178375],[29.48869,60.17833],[29.491001,60.178581],[29.493074,60.178609],[29.494799,60.178598],[29.496299,60.178715],[29.49744,60.178806],[29.498139,60.178905],[29.498953,60.178945],[29.499327,60.179156],[29.499621,60.179255],[29.50009,60.17953],[29.500961,60.179608],[29.502966,60.179699],[29.504585,60.179889],[29.506246,60.179874],[29.507572,60.179957],[29.509019,60.179891],[29.509382,60.180026],[29.510761,60.180111],[29.510935,60.180327],[29.512039,60.180617],[29.513171,60.180791],[29.513909,60.180817],[29.514449,60.180896],[29.51511,60.181014],[29.51548,60.181286],[29.515956,60.181603],[29.516559,60.181942],[29.517144,60.182126],[29.519037,60.182292],[29.520312,60.182483],[29.521162,60.182694],[29.521812,60.182728],[29.522096,60.182817],[29.522493,60.182779],[29.52296,60.1828],[29.524545,60.182936],[29.5255,60.183094],[29.526,60.183265],[29.526338,60.183592],[29.526484,60.184037],[29.526857,60.184676],[29.526972,60.18533],[29.527142,60.18574],[29.527281,60.186103],[29.527447,60.186713],[29.527728,60.187037],[29.52792,60.18719],[29.528318,60.187731],[29.528703,60.188176],[29.528965,60.18866],[29.528816,60.188944],[29.529116,60.189541],[29.530264,60.189844],[29.531611,60.190082],[29.532284,60.190246],[29.533342,60.190169],[29.533791,60.190179],[29.534558,60.190377],[29.534902,60.190573],[29.534874,60.19089],[29.534969,60.191219],[29.535398,60.191385],[29.535704,60.191509],[29.535985,60.191684],[29.536526,60.192179],[29.537038,60.192463],[29.53775,60.192705],[29.538296,60.192762],[29.538362,60.19277],[29.538594,60.192758],[29.538756,60.192735],[29.538842,60.192629],[29.538786,60.192425],[29.538674,60.192242],[29.538653,60.192012],[29.538702,60.191853],[29.538685,60.19165],[29.538538,60.19141],[29.538411,60.19131],[29.538204,60.191243],[29.53816,60.191168],[29.538234,60.191128],[29.538296,60.191107],[29.538368,60.191046],[29.538337,60.190993],[29.538265,60.190939],[29.53825,60.190894],[29.538304,60.190841],[29.538544,60.190831],[29.538768,60.190882],[29.539034,60.191023],[29.539176,60.191178],[29.539201,60.191375],[29.539025,60.191809],[29.538978,60.192104],[29.53918,60.192539],[29.53927,60.192869],[29.539355,60.193331],[29.539626,60.193581],[29.53985,60.19386],[29.540036,60.194146],[29.540078,60.194461],[29.540148,60.194787],[29.540787,60.194996],[29.541611,60.194585],[29.541796,60.194178],[29.542021,60.194013],[29.542262,60.193948],[29.542551,60.193965],[29.542743,60.193849],[29.542992,60.193846],[29.543326,60.193896],[29.54351,60.193834],[29.543637,60.193669],[29.543909,60.193561],[29.544575,60.193561],[29.545044,60.193678],[29.545277,60.193829],[29.545772,60.193941],[29.545987,60.193981],[29.546425,60.194075],[29.547012,60.194031],[29.547468,60.194021],[29.547868,60.194082],[29.548188,60.194234],[29.548258,60.194506],[29.548504,60.194634],[29.549288,60.194613],[29.550287,60.194554],[29.551128,60.194503],[29.551762,60.194487],[29.552593,60.194414],[29.55316,60.19439],[29.553536,60.194356],[29.554207,60.194322],[29.556049,60.194249],[29.559143,60.194027],[29.560201,60.19384],[29.561071,60.193802],[29.561627,60.193987],[29.562178,60.194292],[29.562754,60.194561],[29.563772,60.194885],[29.564154,60.195118],[29.564792,60.195261],[29.565051,60.195398],[29.565335,60.195631],[29.565652,60.195839],[29.566136,60.196004],[29.566741,60.196268],[29.566929,60.196438],[29.567021,60.196627],[29.567515,60.196798],[29.568347,60.197108],[29.569518,60.197283],[29.570651,60.197283],[29.571604,60.197322],[29.573118,60.197355],[29.574312,60.197277],[29.575753,60.197224],[29.576632,60.197164],[29.584199,60.196882],[29.586195,60.196859],[29.587302,60.196834],[29.588356,60.196855],[29.588787,60.196871],[29.58923,60.196925],[29.589564,60.196974],[29.589978,60.197096],[29.590363,60.197177],[29.5916,60.197206],[29.59331,60.197148],[29.594781,60.197049],[29.595371,60.197012],[29.596089,60.196972],[29.596564,60.196934],[29.597719,60.196883],[29.599355,60.196695],[29.602626,60.19638],[29.604323,60.196249],[29.605727,60.196098],[29.60835,60.195864],[29.61001,60.195665],[29.61034,60.195718],[29.611378,60.195604],[29.613332,60.195432],[29.614922,60.195289],[29.616178,60.195304],[29.616858,60.195261],[29.617278,60.19519],[29.618472,60.195087],[29.619283,60.194956],[29.620176,60.194789],[29.620975,60.194604],[29.622382,60.19427],[29.623346,60.193981],[29.624109,60.193773],[29.625916,60.193182],[29.62674,60.192928],[29.627712,60.192575],[29.628276,60.192351],[29.628818,60.192108],[29.629585,60.192048],[29.630719,60.191839],[29.631727,60.191793],[29.632395,60.191704],[29.633183,60.191435],[29.633393,60.191391],[29.633735,60.191429],[29.634235,60.191505],[29.635534,60.191569],[29.635846,60.191601],[29.636259,60.191513],[29.636693,60.19153],[29.637658,60.191597],[29.638111,60.191496],[29.638339,60.191586],[29.638554,60.191559],[29.638576,60.191452],[29.638821,60.1914],[29.639591,60.191427],[29.640389,60.191418],[29.640773,60.191336],[29.64123,60.191269],[29.641742,60.191257],[29.642286,60.19131],[29.642891,60.191395],[29.643387,60.191431],[29.644845,60.191341],[29.645873,60.191163],[29.647374,60.190916],[29.64851,60.19072],[29.649355,60.190477],[29.650937,60.190321],[29.651705,60.19033],[29.65209,60.1904],[29.652511,60.190453],[29.653261,60.190349],[29.653997,60.190226],[29.654937,60.190234],[29.655622,60.19033],[29.655783,60.190406],[29.656059,60.190339],[29.656555,60.190351],[29.656991,60.190477],[29.657414,60.190506],[29.657851,60.190541],[29.65877,60.19039],[29.65928,60.19038],[29.660852,60.190121],[29.662757,60.189715],[29.663317,60.189572],[29.66398,60.189383],[29.664273,60.189398],[29.664337,60.189641],[29.664878,60.189919],[29.665268,60.190042],[29.666253,60.19016],[29.666875,60.190208],[29.668372,60.190138],[29.670467,60.190079],[29.671314,60.190014],[29.671922,60.189907],[29.672239,60.189918],[29.672627,60.189848],[29.673076,60.189816],[29.67375,60.189838],[29.674013,60.189885],[29.674648,60.189809],[29.67518,60.1898],[29.675389,60.189923],[29.675657,60.189987],[29.676476,60.189885],[29.678373,60.189493],[29.679952,60.189155],[29.682222,60.188725],[29.682646,60.188766],[29.68467,60.188584],[29.685703,60.188459],[29.686247,60.188327],[29.686414,60.188304],[29.686594,60.188361],[29.687087,60.188368],[29.68794,60.188286],[29.688298,60.188191],[29.688625,60.188201],[29.689371,60.188054],[29.689903,60.187869],[29.690687,60.187797],[29.691109,60.187829],[29.691635,60.187812],[29.691818,60.187892],[29.691928,60.188003],[29.692227,60.188072],[29.692462,60.188071],[29.692759,60.188029],[29.693006,60.188006],[29.693214,60.187952],[29.693506,60.187951],[29.69388,60.187908],[29.694461,60.187776],[29.695862,60.18754],[29.697405,60.187306],[29.698989,60.18699],[29.699821,60.186745],[29.700063,60.1867],[29.701079,60.18665],[29.701313,60.186564],[29.701417,60.186518],[29.701613,60.186504],[29.701796,60.186513],[29.701911,60.186514],[29.702707,60.186437],[29.702799,60.18644],[29.702885,60.186457],[29.702935,60.186482],[29.702954,60.186569],[29.702879,60.186595],[29.702839,60.186594],[29.702749,60.186566],[29.701621,60.186669],[29.701517,60.186704],[29.700045,60.186821],[29.700083,60.187045],[29.700201,60.187761],[29.701929,60.187694],[29.701878,60.187349],[29.701871,60.187276],[29.702372,60.18726],[29.702399,60.187416],[29.705974,60.18724],[29.707125,60.187201],[29.707337,60.187207],[29.707484,60.187245],[29.707535,60.187295],[29.707538,60.187344],[29.707605,60.187377],[29.707704,60.187388],[29.707908,60.187376],[29.708364,60.18727],[29.710266,60.187141],[29.711569,60.187054],[29.713171,60.186917],[29.715078,60.186441],[29.715582,60.186558],[29.715995,60.186593],[29.716403,60.186617],[29.717197,60.186516],[29.717599,60.186406],[29.717851,60.186366],[29.717964,60.186521],[29.718157,60.186553],[29.718415,60.186582],[29.720142,60.186476],[29.720394,60.1865],[29.720619,60.186513],[29.722298,60.18631],[29.722516,60.186316],[29.722808,60.186293],[29.723302,60.186214],[29.723492,60.18615],[29.72368,60.186148],[29.723755,60.186168],[29.723905,60.18616],[29.724058,60.18613],[29.724289,60.186068],[29.724522,60.186066],[29.724761,60.186045],[29.725259,60.185926],[29.725391,60.185869],[29.725447,60.185814],[29.725654,60.185797],[29.725831,60.1858],[29.72604,60.18578],[29.726308,60.185741],[29.726501,60.185676],[29.726697,60.185546],[29.726796,60.185536],[29.727054,60.185518],[29.727357,60.185493],[29.727955,60.18539],[29.728213,60.185319],[29.728529,60.185281],[29.728752,60.18528],[29.728886,60.18523],[29.729095,60.185249],[29.729996,60.18521],[29.73042,60.185147],[29.731241,60.185042],[29.73152,60.184986],[29.731718,60.184969],[29.731962,60.185032],[29.732185,60.185071],[29.732539,60.185015],[29.733116,60.184895],[29.733392,60.184842],[29.733684,60.184839],[29.734041,60.184774],[29.734409,60.18469],[29.734682,60.184567],[29.73491,60.184539],[29.735149,60.184547],[29.735452,60.184487],[29.735817,60.184355],[29.735994,60.184305],[29.736133,60.184297],[29.736267,60.184331],[29.736509,60.184377],[29.73682,60.184371],[29.737136,60.184302],[29.737426,60.18431],[29.737973,60.184286],[29.7383,60.184241],[29.740022,60.183742],[29.74153,60.183369],[29.741814,60.183374],[29.742882,60.183182],[29.743171,60.183176],[29.743574,60.18323],[29.743772,60.183224],[29.744834,60.18308],[29.745794,60.182918],[29.747018,60.182694],[29.748584,60.182437],[29.749045,60.182592],[29.750244,60.182676],[29.751685,60.182646],[29.752253,60.18264],[29.752618,60.182587],[29.753487,60.182352],[29.755839,60.181849],[29.75769,60.181702],[29.759186,60.181481],[29.76034,60.1814],[29.762019,60.181218],[29.76339,60.18095],[29.764518,60.180895],[29.76646,60.18076],[29.768347,60.180539],[29.770189,60.180358],[29.772912,60.179969],[29.77507,60.179487],[29.777525,60.179035],[29.780908,60.178308],[29.782538,60.177889],[29.783725,60.17758],[29.784639,60.177282],[29.785259,60.177078],[29.78587,60.177001],[29.786439,60.176927],[29.787863,60.176797],[29.789203,60.176669],[29.789844,60.176594],[29.790827,60.176448],[29.792297,60.176168],[29.792822,60.17605],[29.793592,60.175847],[29.793989,60.175746],[29.794513,60.175615],[29.795625,60.175274],[29.796626,60.174931],[29.797972,60.174478],[29.798558,60.174373],[29.799318,60.17417],[29.800603,60.173809],[29.801413,60.173518],[29.802317,60.173243],[29.802918,60.17304],[29.803757,60.172653],[29.804106,60.172599],[29.804405,60.172666],[29.805087,60.172454],[29.805688,60.17227],[29.806233,60.172132],[29.806797,60.171975],[29.80723,60.171884],[29.807583,60.17176],[29.807884,60.171677],[29.808551,60.171501],[29.809444,60.171219],[29.810285,60.170958],[29.81087,60.170752],[29.811295,60.170632],[29.811684,60.170448],[29.812459,60.170185],[29.812669,60.170069],[29.813433,60.169839],[29.814445,60.169581],[29.815155,60.16938],[29.815994,60.169103],[29.816447,60.168982],[29.816855,60.168909],[29.817402,60.168765],[29.817814,60.168626],[29.818424,60.168464],[29.818726,60.168285],[29.819492,60.16804],[29.820227,60.16779],[29.820778,60.167637],[29.821586,60.167442],[29.822525,60.167127],[29.823655,60.166648],[29.823569,60.166435],[29.82314,60.16605],[29.82211,60.165645],[29.822453,60.165517],[29.823183,60.16573],[29.823783,60.166157],[29.824351,60.166869],[29.824635,60.166941],[29.825084,60.167002],[29.826171,60.166894],[29.82752,60.166615],[29.828732,60.166224],[29.829806,60.165909],[29.830999,60.165555],[29.831194,60.165503],[29.832674,60.165114],[29.834073,60.164581],[29.83505,60.164276],[29.835473,60.164135],[29.835843,60.16405],[29.836655,60.164051],[29.837146,60.164062],[29.838564,60.163729],[29.839808,60.163576],[29.840416,60.163437],[29.841122,60.163152],[29.841246,60.163292],[29.841626,60.163337],[29.842401,60.163169],[29.843992,60.162716],[29.845234,60.162138],[29.84543,60.162105],[29.846018,60.161894],[29.846653,60.161944],[29.847311,60.161871],[29.84795,60.161733],[29.84918,60.16148],[29.849856,60.161484],[29.850133,60.161418],[29.850522,60.16137],[29.850851,60.161364],[29.851085,60.161445],[29.851398,60.161449],[29.852759,60.161319],[29.852975,60.161254],[29.853075,60.161275],[29.853235,60.161265],[29.853309,60.16124],[29.853561,60.161258],[29.854189,60.161454],[29.854479,60.161521],[29.854733,60.16155],[29.855066,60.161649],[29.856067,60.161926],[29.856519,60.162107],[29.856879,60.162141],[29.857342,60.162397],[29.857761,60.162399],[29.857766,60.162467],[29.857984,60.16253],[29.858321,60.162515],[29.858619,60.162507],[29.858726,60.162541],[29.858809,60.162626],[29.859186,60.162689],[29.859935,60.162726],[29.860987,60.162721],[29.86293,60.162669],[29.863731,60.16259],[29.86491,60.162491],[29.86607,60.16246],[29.869196,60.161872],[29.870403,60.161596],[29.871978,60.1612],[29.872579,60.161024],[29.87309,60.1608],[29.873889,60.160608],[29.874818,60.160401],[29.875484,60.160193],[29.877273,60.15957],[29.878321,60.159092],[29.87918,60.1589],[29.88011,60.158561],[29.88198,60.158094],[29.882588,60.157895],[29.883264,60.157741],[29.884066,60.157593],[29.884845,60.157346],[29.8857,60.1571],[29.886043,60.156883],[29.886768,60.156577],[29.887523,60.156176],[29.88792,60.15602],[29.888566,60.155735],[29.88915,60.15548],[29.889612,60.155143],[29.890227,60.154927],[29.890623,60.154797],[29.890526,60.154568],[29.890829,60.154743],[29.891218,60.154729],[29.891793,60.154609],[29.892747,60.154377],[29.893752,60.153872],[29.894631,60.15358],[29.895245,60.153368],[29.895959,60.153066],[29.89663,60.15288],[29.89763,60.15261],[29.899661,60.1521],[29.900741,60.152035],[29.901234,60.151976],[29.902059,60.151809],[29.903109,60.151674],[29.904136,60.151401],[29.904326,60.151351],[29.904463,60.151376],[29.90485,60.151499],[29.905377,60.151478],[29.906269,60.151438],[29.90684,60.151298],[29.907325,60.151202],[29.908546,60.151002],[29.909786,60.150706],[29.910518,60.150413],[29.911346,60.150019],[29.911955,60.149908],[29.912336,60.149794],[29.91428,60.14917],[29.914881,60.148995],[29.91629,60.14874],[29.916851,60.148558],[29.917841,60.148286],[29.920732,60.147401],[29.92201,60.146792],[29.923104,60.146215],[29.924281,60.145455],[29.926119,60.144194],[29.926571,60.14356],[29.927107,60.143086],[29.927833,60.142699],[29.929504,60.140587],[29.929681,60.140358],[29.929931,60.140167],[29.930981,60.138537],[29.931733,60.137831],[29.932763,60.136309],[29.933233,60.135578],[29.933477,60.134742],[29.934224,60.133589],[29.93451,60.133232],[29.934802,60.132873],[29.935621,60.131622],[29.935999,60.131146],[29.93675,60.129727],[29.937245,60.128753],[29.937808,60.127839],[29.937605,60.127493],[29.937897,60.126984],[29.937956,60.126933],[29.938301,60.126816],[29.938494,60.126837],[29.938498,60.126747],[29.938436,60.126715],[29.938277,60.126669],[29.93827,60.126552],[29.938588,60.126586],[29.938649,60.126555],[29.938762,60.126395],[29.938862,60.126288],[29.939461,60.125182],[29.939783,60.124513],[29.940013,60.123717],[29.940322,60.123432],[29.940567,60.123108],[29.940666,60.122359],[29.940705,60.121741],[29.940998,60.121492],[29.941132,60.121245],[29.941062,60.120945],[29.940968,60.120799],[29.941006,60.120608],[29.941372,60.120489],[29.941556,60.120359],[29.94177,60.120086],[29.941762,60.119772],[29.941925,60.119439],[29.941746,60.119314],[29.941813,60.11892],[29.941763,60.118515],[29.94166,60.118312],[29.941446,60.118237],[29.941435,60.118109],[29.941789,60.11812],[29.942243,60.11812],[29.942662,60.118162],[29.942946,60.118104],[29.943059,60.117998],[29.943134,60.117859],[29.943337,60.117594],[29.943384,60.117394],[29.943678,60.116846],[29.943794,60.116471],[29.943989,60.115569],[29.944399,60.11458],[29.944654,60.113864],[29.944913,60.113512],[29.944991,60.113242],[29.945039,60.113027],[29.945053,60.112794],[29.945072,60.112113],[29.945127,60.111716],[29.945179,60.111284],[29.945248,60.110864],[29.945265,60.110661],[29.945369,60.110411],[29.945418,60.109907],[29.945575,60.109306],[29.945916,60.1074],[29.945994,60.106138],[29.94607,60.10557],[29.94605,60.10532],[29.946055,60.105165],[29.946037,60.104845],[29.946048,60.104087],[29.945988,60.103492],[29.945936,60.103215],[29.94593,60.102946],[29.945799,60.102492],[29.945739,60.102154],[29.945597,60.101646],[29.945083,60.101025],[29.944789,60.10055],[29.944464,60.099906],[29.943947,60.099254],[29.943444,60.098921],[29.943052,60.09843],[29.942576,60.098115],[29.942437,60.097974],[29.942199,60.097804],[29.942188,60.097606],[29.941931,60.097358],[29.941648,60.097284],[29.941414,60.096964],[29.94084,60.096567],[29.940354,60.096226],[29.940026,60.095906],[29.93951,60.095368],[29.939126,60.095061],[29.938658,60.094616],[29.938123,60.094245],[29.9374,60.09382],[29.936642,60.093482],[29.936235,60.09334],[29.935743,60.093161],[29.935359,60.093018],[29.934773,60.092877],[29.93399,60.092612],[29.933257,60.092407],[29.932616,60.092354],[29.932161,60.0925],[29.932081,60.09249],[29.932014,60.092462],[29.931905,60.092399],[29.931689,60.092345],[29.930304,60.091995],[29.929776,60.091903],[29.927168,60.09158],[29.924291,60.091231],[29.92334,60.091095],[29.922579,60.090947],[29.922562,60.090961],[29.92238,60.090922],[29.922394,60.090908],[29.922069,60.090841],[29.921229,60.090607],[29.920428,60.090315],[29.920214,60.090189],[29.91986,60.089941],[29.91939,60.089378],[29.919225,60.088879],[29.919229,60.088806],[29.919268,60.08874],[29.919426,60.08863],[29.919857,60.088476],[29.920132,60.088401],[29.92032,60.08834],[29.920819,60.088277],[29.921298,60.088231],[29.921627,60.088169],[29.921913,60.088119],[29.922005,60.088065],[29.922284,60.087811],[29.922588,60.087678],[29.923043,60.087548],[29.923508,60.087464],[29.925229,60.087306],[29.926765,60.087215],[29.92749,60.087193],[29.928333,60.087183],[29.929637,60.087319],[29.930291,60.087417],[29.93231,60.087561],[29.93234,60.087384],[29.93236,60.086951],[29.931841,60.086821],[29.931738,60.086498],[29.931424,60.086312],[29.931184,60.086319],[29.93085,60.086283],[29.930382,60.086195],[29.930204,60.086072],[29.930034,60.085902],[29.929817,60.085789],[29.929972,60.08552],[29.929717,60.085133],[29.929873,60.085039],[29.929604,60.084804],[29.92952,60.084501],[29.929857,60.08418],[29.930337,60.083992],[29.930961,60.083846],[29.930386,60.083492],[29.930357,60.083402],[29.930388,60.083312],[29.930136,60.082279],[29.930174,60.082097],[29.930242,60.081813],[29.93032,60.081529],[29.930408,60.081247],[29.930506,60.080965],[29.930613,60.080684],[29.93073,60.080404],[29.930857,60.080126],[29.930994,60.079848],[29.93114,60.079572],[29.931296,60.079296],[29.931462,60.079023],[29.931637,60.07875],[29.931822,60.07848],[29.932016,60.078211],[29.932219,60.077944],[29.932432,60.077678],[29.932654,60.077415],[29.932885,60.077153],[29.933125,60.076893],[29.933293,60.076719],[29.933548,60.076463],[29.933812,60.076209],[29.934085,60.075958],[29.934367,60.075709],[29.934657,60.075463],[29.934956,60.075219],[29.935263,60.074978],[29.935579,60.074739],[29.935903,60.074503],[29.936235,60.074271],[29.936576,60.074041],[29.936924,60.073814],[29.93728,60.07359],[29.937644,60.073369],[29.938015,60.073152],[29.938394,60.072938],[29.938781,60.072727],[29.939007,60.072619],[29.939257,60.072508],[29.939514,60.072402],[29.939778,60.0723],[29.94005,60.072203],[29.940328,60.072111],[29.940613,60.072023],[29.940903,60.071941],[29.941199,60.071864],[29.9415,60.071792],[29.941806,60.071725],[29.942116,60.071663],[29.942431,60.071607],[29.942749,60.071557],[29.94305,60.071515],[29.943374,60.071475],[29.943701,60.071441],[29.94403,60.071413],[29.944361,60.07139],[29.944693,60.071374],[29.945026,60.071363],[29.94536,60.071358],[29.945694,60.071359],[29.946027,60.071365],[29.946361,60.071377],[29.946692,60.071396],[29.947023,60.07142],[29.947351,60.071449],[29.948045,60.070953],[29.946881,60.070566],[29.945455,60.070555],[29.944751,60.070504],[29.943814,60.070674],[29.943502,60.070479],[29.942263,60.070029],[29.940026,60.070034],[29.939487,60.069969],[29.938672,60.069784],[29.937702,60.069731],[29.936985,60.069325],[29.936432,60.069124],[29.936515,60.068953],[29.937201,60.068688],[29.937618,60.068447],[29.937866,60.068338],[29.938395,60.068154],[29.939135,60.068073],[29.939681,60.06789],[29.940421,60.067966],[29.940859,60.067837],[29.941294,60.067624],[29.941933,60.067566],[29.942375,60.067622],[29.943237,60.067357],[29.943849,60.067021],[29.944941,60.066702],[29.945459,60.066523],[29.946145,60.066446],[29.946781,60.066233],[29.947502,60.06628],[29.948066,60.06623],[29.948724,60.065878],[29.949385,60.065645],[29.950363,60.065055],[29.950956,60.064581],[29.951858,60.064273],[29.952591,60.063839],[29.953033,60.063629],[29.953303,60.063604],[29.954014,60.063722],[29.954448,60.063712],[29.956506,60.063359],[29.957365,60.063052],[29.958648,60.062308],[29.96079,60.060886],[29.961487,60.060185],[29.96168,60.059364],[29.962127,60.058843],[29.962276,60.058508],[29.962887,60.057616],[29.963189,60.057417],[29.963305,60.057276],[29.962311,60.057985],[29.959007,60.060341],[29.95887,60.060445],[29.958723,60.060548],[29.958569,60.060649],[29.958407,60.060748],[29.958239,60.060843],[29.958068,60.060933],[29.957887,60.061023],[29.9577,60.061109],[29.957507,60.061192],[29.957309,60.061271],[29.95701,60.061382],[29.956842,60.061439],[29.956593,60.061518],[29.956339,60.061593],[29.956079,60.061663],[29.955815,60.061729],[29.955546,60.06179],[29.955344,60.061832],[29.955069,60.061884],[29.95479,60.061932],[29.954508,60.061975],[29.954223,60.062013],[29.952839,60.062273],[29.951602,60.06256],[29.951115,60.062689],[29.944805,60.064864],[29.944446,60.064978],[29.944072,60.065079],[29.94388,60.065125],[29.943487,60.065207],[29.943286,60.065242],[29.943029,60.065282],[29.942616,60.065333],[29.942407,60.065353],[29.941986,60.065383],[29.941774,60.065392],[29.941118,60.065406],[29.940926,60.065403],[29.940736,60.065391],[29.940549,60.065371],[29.940366,60.065343],[29.940188,60.065308],[29.940017,60.065264],[29.939855,60.065213],[29.939701,60.065156],[29.939559,60.065092],[29.939428,60.065021],[29.93931,60.064946],[29.939206,60.064866],[29.939116,60.064781],[29.939041,60.064693],[29.938281,60.062969],[29.937832,60.061566],[29.937523,60.060101],[29.937368,60.057159],[29.93742,60.056715],[29.937532,60.055717],[29.937828,60.054325],[29.938278,60.052892],[29.938901,60.05144],[29.938963,60.050998],[29.939005,60.050509],[29.938867,60.050443],[29.938757,60.050365],[29.938679,60.050278],[29.938636,60.050186],[29.938628,60.050091],[29.938657,60.049998],[29.93872,60.049909],[29.938817,60.049827],[29.938944,60.049755],[29.939095,60.049697],[29.939265,60.049655],[29.939449,60.04963],[29.940584,60.048636],[29.941315,60.047702],[29.942111,60.046782],[29.942969,60.045876],[29.943889,60.044985],[29.944869,60.044111],[29.94591,60.043254],[29.947009,60.042415],[29.948164,60.041596],[29.949376,60.040797],[29.950641,60.04002],[29.95196,60.039265],[29.953484,60.038761],[29.954165,60.038555],[29.961679,60.041325],[29.963271,60.042144],[29.963507,60.042299],[29.963602,60.042386],[29.963774,60.042566],[29.96392,60.042751],[29.96404,60.042941],[29.964133,60.043134],[29.9642,60.043335],[29.964223,60.043434],[29.964247,60.043633],[29.964243,60.043832],[29.964211,60.04403],[29.964152,60.044227],[29.964066,60.044421],[29.965486,60.044811]]]}},{"type":"Feature","properties":{"id":"moskovsky","name":"Московский район","osm_relation_id":338636},"geometry":{"type":"Polygon","coordinates":[[[30.211491,59.797691],[30.215196,59.797421],[30.218586,59.797183],[30.221326,59.797027],[30.223877,59.796643],[30.231235,59.795563],[30.236918,59.794752],[30.245359,59.79349],[30.257017,59.791779],[30.260627,59.791241],[30.266706,59.790335],[30.270496,59.789791],[30.274418,59.789309],[30.276902,59.788943],[30.28,59.788491],[30.281308,59.788294],[30.283941,59.787871],[30.271156,59.778597],[30.273582,59.77769],[30.273624,59.777617],[30.26879,59.774728],[30.270899,59.77404],[30.264406,59.770953],[30.258559,59.762679],[30.300721,59.747387],[30.309998,59.744148],[30.310248,59.744369],[30.310477,59.744588],[30.318007,59.751775],[30.326998,59.760535],[30.329627,59.763185],[30.330237,59.763047],[30.33069,59.762568],[30.332328,59.762446],[30.334283,59.767326],[30.334545,59.767293],[30.335079,59.768653],[30.338368,59.768356],[30.33878,59.76992],[30.336894,59.770294],[30.337034,59.770569],[30.335873,59.770795],[30.336021,59.771461],[30.335548,59.771984],[30.333289,59.771533],[30.333155,59.771847],[30.332456,59.772148],[30.331826,59.772965],[30.330796,59.773646],[30.330023,59.774153],[30.329287,59.774541],[30.327325,59.775641],[30.326451,59.776395],[30.326147,59.776937],[30.325464,59.789672],[30.325356,59.789773],[30.325421,59.79106],[30.32718,59.792415],[30.327749,59.793597],[30.327749,59.794444],[30.327234,59.795572],[30.326601,59.79622],[30.325056,59.79751],[30.324927,59.799674],[30.32473,59.802506],[30.324659,59.803743],[30.325049,59.803749],[30.325202,59.803756],[30.325336,59.803772],[30.325716,59.80381],[30.325968,59.803812],[30.325916,59.804651],[30.326077,59.804655],[30.32916,59.804699],[30.330255,59.804711],[30.330432,59.804714],[30.330681,59.804788],[30.333217,59.805834],[30.333382,59.805926],[30.333833,59.806129],[30.333977,59.806185],[30.335103,59.806474],[30.33522,59.806502],[30.33539,59.806534],[30.335528,59.806578],[30.335674,59.806633],[30.335998,59.806699],[30.336231,59.80676],[30.336424,59.806876],[30.336663,59.80704],[30.336757,59.807085],[30.336901,59.807184],[30.337165,59.807371],[30.337248,59.807462],[30.337276,59.80752],[30.337313,59.807644],[30.337359,59.807745],[30.337502,59.807927],[30.337614,59.808037],[30.337705,59.808103],[30.337737,59.808168],[30.337888,59.808262],[30.338065,59.808335],[30.338432,59.8084],[30.338669,59.80844],[30.339865,59.80865],[30.340386,59.808754],[30.340501,59.808799],[30.340624,59.808821],[30.340991,59.80891],[30.341233,59.808964],[30.341463,59.809007],[30.341515,59.809033],[30.341829,59.809222],[30.341929,59.809315],[30.342091,59.809376],[30.342202,59.80946],[30.342258,59.809536],[30.342261,59.809597],[30.342447,59.809722],[30.343376,59.810499],[30.343707,59.810771],[30.343925,59.810923],[30.344104,59.811067],[30.344661,59.811424],[30.345219,59.811741],[30.345457,59.811878],[30.34564,59.812001],[30.345753,59.812065],[30.34642,59.812275],[30.346871,59.812452],[30.347308,59.812607],[30.347708,59.812744],[30.348079,59.812887],[30.348269,59.812924],[30.349038,59.812888],[30.349877,59.812953],[30.350893,59.813324],[30.353316,59.814185],[30.356195,59.81454],[30.356487,59.814596],[30.35688,59.814711],[30.357146,59.814725],[30.357966,59.814675],[30.359833,59.814708],[30.360447,59.81471],[30.362493,59.814628],[30.362692,59.814643],[30.362823,59.814659],[30.36298,59.814718],[30.363047,59.814768],[30.363079,59.814822],[30.363188,59.815591],[30.363226,59.815636],[30.36329,59.815653],[30.363999,59.815618],[30.364438,59.815716],[30.364954,59.815857],[30.365597,59.815962],[30.365807,59.816013],[30.365928,59.816055],[30.36611,59.816184],[30.36617,59.816254],[30.366185,59.816326],[30.366182,59.81643],[30.366244,59.816512],[30.366366,59.816557],[30.366683,59.816592],[30.368428,59.81667],[30.368515,59.816732],[30.368442,59.816819],[30.368487,59.816899],[30.36898,59.816881],[30.370221,59.816927],[30.370396,59.816936],[30.371598,59.816956],[30.37414,59.817215],[30.376887,59.817835],[30.379416,59.818311],[30.381655,59.818728],[30.380106,59.822031],[30.378334,59.825232],[30.377617,59.826319],[30.376243,59.828745],[30.374945,59.831371],[30.373754,59.833711],[30.372907,59.835695],[30.371297,59.840024],[30.369538,59.84356],[30.368304,59.845915],[30.366244,59.850167],[30.365257,59.852128],[30.364528,59.853686],[30.36434,59.854048],[30.36402,59.85476],[30.363083,59.856497],[30.362392,59.857839],[30.360612,59.861406],[30.358916,59.864837],[30.357318,59.867966],[30.355247,59.87221],[30.35456,59.873535],[30.353756,59.874773],[30.348496,59.880262],[30.34753,59.881651],[30.34591,59.884521],[30.344998,59.886232],[30.344902,59.887088],[30.344945,59.888014],[30.345309,59.88951],[30.345374,59.891087],[30.345095,59.891981],[30.344044,59.894047],[30.342831,59.896512],[30.341318,59.899477],[30.34017,59.901801],[30.338915,59.904152],[30.338457,59.905023],[30.33813,59.904985],[30.338117,59.905042],[30.338054,59.905197],[30.337855,59.905537],[30.337715,59.905763],[30.337596,59.905923],[30.337396,59.906162],[30.337132,59.906438],[30.336421,59.907151],[30.336264,59.907319],[30.336068,59.907559],[30.335878,59.907824],[30.335742,59.908023],[30.335649,59.908181],[30.335519,59.908425],[30.335445,59.90859],[30.335377,59.908757],[30.335296,59.909016],[30.335259,59.909156],[30.335223,59.909341],[30.335202,59.909478],[30.335187,59.909655],[30.335182,59.909935],[30.33517,59.9101],[30.335152,59.910244],[30.335109,59.910394],[30.335054,59.910516],[30.334959,59.910685],[30.334664,59.911165],[30.334449,59.911477],[30.334313,59.911656],[30.334115,59.911863],[30.333819,59.912116],[30.333083,59.912717],[30.332942,59.912821],[30.332845,59.912849],[30.332576,59.913051],[30.325153,59.910333],[30.321927,59.909145],[30.321464,59.908975],[30.321053,59.908846],[30.320865,59.908801],[30.320675,59.908766],[30.320132,59.908696],[30.319501,59.908642],[30.318405,59.908638],[30.318396,59.908509],[30.318402,59.908195],[30.318658,59.902762],[30.318818,59.902387],[30.319176,59.896425],[30.318048,59.896412],[30.316609,59.896395],[30.31551,59.896385],[30.314799,59.89637],[30.314142,59.896351],[30.313797,59.896344],[30.313597,59.89636],[30.312257,59.896345],[30.311766,59.896317],[30.310937,59.896273],[30.310545,59.896268],[30.310397,59.896286],[30.310201,59.89629],[30.309844,59.89629],[30.306081,59.896236],[30.305473,59.896226],[30.304917,59.89622],[30.30397,59.896206],[30.302607,59.896186],[30.301705,59.896158],[30.300188,59.89613],[30.297891,59.896031],[30.297901,59.894465],[30.299457,59.894239],[30.298577,59.891273],[30.297655,59.888668],[30.297226,59.888095],[30.295272,59.886623],[30.295065,59.886471],[30.294273,59.884468],[30.293792,59.882508],[30.300015,59.882693],[30.299672,59.881461],[30.29759,59.880766],[30.295777,59.87991],[30.294543,59.878962],[30.293728,59.877767],[30.293438,59.876567],[30.293162,59.874897],[30.292451,59.871752],[30.292033,59.870008],[30.2917,59.868107],[30.291421,59.865812],[30.290842,59.862526],[30.290531,59.859978],[30.290483,59.859594],[30.290466,59.859305],[30.290354,59.85854],[30.290676,59.858545],[30.290806,59.858515],[30.290936,59.858466],[30.291192,59.858254],[30.291318,59.858191],[30.291471,59.858101],[30.291809,59.858032],[30.292404,59.857954],[30.292565,59.85793],[30.292644,59.857897],[30.292689,59.857851],[30.292697,59.857784],[30.292683,59.857743],[30.292465,59.857272],[30.292442,59.856972],[30.292447,59.856403],[30.292416,59.85579],[30.292374,59.85535],[30.292344,59.855103],[30.292203,59.854461],[30.292091,59.853833],[30.292018,59.85352],[30.291849,59.852893],[30.291809,59.852786],[30.291682,59.852713],[30.291482,59.852638],[30.291217,59.852561],[30.291078,59.852474],[30.290737,59.852214],[30.290472,59.851699],[30.290416,59.851609],[30.289958,59.851435],[30.289648,59.851379],[30.289409,59.851308],[30.289222,59.851187],[30.289157,59.851121],[30.289106,59.851009],[30.289088,59.850834],[30.289013,59.850653],[30.288916,59.850451],[30.288488,59.849614],[30.287805,59.848557],[30.287084,59.847601],[30.286484,59.846865],[30.286281,59.846368],[30.286028,59.846082],[30.285694,59.845693],[30.285421,59.845332],[30.285026,59.844896],[30.284849,59.844704],[30.284578,59.844531],[30.284306,59.844352],[30.284107,59.84419],[30.283898,59.844011],[30.28371,59.843827],[30.283564,59.843675],[30.283344,59.843491],[30.283229,59.843381],[30.28302,59.843292],[30.282895,59.843187],[30.282571,59.842903],[30.282359,59.842743],[30.282273,59.842646],[30.282216,59.842531],[30.282125,59.84251],[30.281994,59.842521],[30.281582,59.842533],[30.281469,59.842555],[30.281388,59.842555],[30.281202,59.842456],[30.280988,59.842293],[30.280744,59.842173],[30.277823,59.840475],[30.276388,59.839602],[30.273501,59.837881],[30.27257,59.837349],[30.270582,59.836176],[30.269961,59.835848],[30.269823,59.835761],[30.26971,59.835675],[30.269598,59.835634],[30.269539,59.835578],[30.269459,59.835534],[30.269337,59.83545],[30.26924,59.835392],[30.268545,59.834941],[30.264672,59.832723],[30.254651,59.82686],[30.248855,59.823468],[30.247513,59.82267],[30.244573,59.819143],[30.239994,59.813028],[30.239209,59.81306],[30.237178,59.812764],[30.227524,59.8133],[30.227336,59.813279],[30.226529,59.813077],[30.224218,59.81219],[30.223855,59.808809],[30.222713,59.808824],[30.222548,59.808783],[30.222354,59.808576],[30.220602,59.805128],[30.220771,59.804984],[30.22027,59.804802],[30.220363,59.804737],[30.219164,59.802609],[30.217183,59.802313],[30.217558,59.801729],[30.217605,59.801633],[30.217492,59.80158],[30.21726,59.801544],[30.216605,59.801553],[30.214776,59.801886],[30.214029,59.801951],[30.21057,59.802176],[30.200092,59.80369],[30.199644,59.80294],[30.199269,59.802355],[30.199007,59.801804],[30.198772,59.801605],[30.198884,59.801521],[30.199144,59.801481],[30.199388,59.801413],[30.199721,59.801411],[30.19987,59.801385],[30.199938,59.801334],[30.200001,59.801246],[30.20007,59.801098],[30.200121,59.800874],[30.200264,59.800177],[30.200215,59.800044],[30.200145,59.799813],[30.200176,59.799728],[30.200263,59.799655],[30.201012,59.799492],[30.204216,59.798906],[30.206185,59.79858],[30.208325,59.798205],[30.210474,59.797786],[30.210914,59.797743],[30.211491,59.797691]]]}},{"type":"Feature","properties":{"id":"nevsky","name":"Невский район","osm_relation_id":368287},"geometry":{"type":"Polygon","coordinates":[[[30.36331,59.913866],[30.363499,59.913371],[30.36429,59.911993],[30.365009,59.911242],[30.365396,59.91088],[30.36598,59.910443],[30.366533,59.910094],[30.370138,59.908091],[30.374776,59.905391],[30.377595,59.903496],[30.379698,59.902049],[30.381961,59.90036],[30.387058,59.89676],[30.390845,59.893999],[30.390201,59.893795],[30.390523,59.893563],[30.391124,59.893757],[30.39195,59.893095],[30.392948,59.892003],[30.392497,59.892153],[30.392358,59.891965],[30.393087,59.891691],[30.394273,59.889743],[30.394889,59.889042],[30.398538,59.886213],[30.400608,59.884553],[30.404857,59.881237],[30.405155,59.881001],[30.408837,59.877953],[30.413075,59.874803],[30.416326,59.872439],[30.421004,59.869149],[30.424678,59.867046],[30.424728,59.867016],[30.425474,59.866588],[30.426872,59.865793],[30.429447,59.864113],[30.435648,59.860116],[30.445737,59.854378],[30.447783,59.853126],[30.450068,59.851544],[30.455872,59.847556],[30.458748,59.845277],[30.466987,59.839628],[30.475198,59.833989],[30.483028,59.828312],[30.499961,59.816031],[30.508198,59.810116],[30.511552,59.807772],[30.512215,59.808027],[30.510409,59.809323],[30.510246,59.809612],[30.509814,59.809925],[30.508688,59.810615],[30.508222,59.811289],[30.508286,59.812643],[30.510496,59.813765],[30.510904,59.813603],[30.512277,59.814402],[30.512432,59.81463],[30.512442,59.814721],[30.512475,59.814805],[30.512524,59.814882],[30.512587,59.814964],[30.512627,59.815073],[30.513022,59.815137],[30.513244,59.815184],[30.513376,59.815224],[30.513621,59.815313],[30.514544,59.815809],[30.518942,59.818318],[30.519442,59.818655],[30.519897,59.819023],[30.520129,59.819231],[30.520297,59.819413],[30.520533,59.819743],[30.520748,59.820085],[30.5209,59.820416],[30.521359,59.821499],[30.521419,59.821665],[30.521413,59.82182],[30.521378,59.821941],[30.52131,59.822084],[30.52081,59.822772],[30.520577,59.82302],[30.520209,59.823394],[30.520155,59.823582],[30.520103,59.823696],[30.520214,59.82393],[30.528215,59.820821],[30.531627,59.819407],[30.535478,59.818083],[30.54115,59.81597],[30.547134,59.81369],[30.548498,59.813129],[30.55472,59.817164],[30.553648,59.817628],[30.551738,59.819742],[30.554278,59.821235],[30.558733,59.819461],[30.559913,59.820152],[30.562944,59.820834],[30.56312,59.820877],[30.561508,59.821561],[30.560014,59.82221],[30.560356,59.822249],[30.561175,59.822151],[30.562545,59.822015],[30.564322,59.821839],[30.565204,59.821758],[30.566939,59.823655],[30.567166,59.823925],[30.565788,59.824275],[30.563144,59.825455],[30.562018,59.826454],[30.561255,59.82761],[30.561202,59.828773],[30.561421,59.829805],[30.562228,59.831811],[30.562847,59.833622],[30.562551,59.834558],[30.561476,59.83545],[30.560359,59.836078],[30.55838,59.83655],[30.555935,59.836738],[30.552093,59.836392],[30.540821,59.833624],[30.537029,59.83355],[30.534858,59.833754],[30.532697,59.834062],[30.528006,59.835266],[30.522885,59.83704],[30.519342,59.83874],[30.513562,59.841625],[30.509644,59.843085],[30.505743,59.844164],[30.500168,59.845034],[30.495746,59.845961],[30.493493,59.847085],[30.492442,59.848546],[30.492168,59.849974],[30.492409,59.851731],[30.493235,59.854551],[30.493552,59.856526],[30.493492,59.858202],[30.497038,59.858937],[30.498625,59.859077],[30.498846,59.858888],[30.503869,59.859492],[30.5054,59.859209],[30.508,59.859691],[30.508685,59.861232],[30.519999,59.863229],[30.517484,59.865934],[30.511671,59.872852],[30.507983,59.87749],[30.501058,59.886264],[30.500766,59.886612],[30.4976,59.890543],[30.497409,59.891363],[30.495419,59.891479],[30.495537,59.892012],[30.500021,59.910789],[30.503186,59.925253],[30.505527,59.935944],[30.50441,59.934923],[30.502983,59.934208],[30.501169,59.933579],[30.498359,59.933111],[30.496063,59.93309],[30.487211,59.93359],[30.480238,59.933966],[30.475921,59.934245],[30.473966,59.934397],[30.47286,59.934463],[30.468822,59.934695],[30.463405,59.935],[30.462249,59.935106],[30.461093,59.935283],[30.456678,59.936083],[30.452942,59.936775],[30.452045,59.936894],[30.451182,59.93694],[30.450109,59.936908],[30.448405,59.936586],[30.44757,59.936289],[30.445185,59.934413],[30.444682,59.933778],[30.44391,59.932789],[30.442826,59.931708],[30.443223,59.931568],[30.442418,59.930945],[30.441914,59.931112],[30.43905,59.928934],[30.437712,59.928151],[30.437386,59.927996],[30.436185,59.927225],[30.434147,59.925951],[30.432129,59.924311],[30.428954,59.92181],[30.427473,59.920805],[30.426636,59.920348],[30.425628,59.919891],[30.423769,59.919268],[30.423031,59.91903],[30.421723,59.918455],[30.421454,59.91853],[30.421723,59.918692],[30.416004,59.917121],[30.413174,59.916507],[30.409403,59.915431],[30.406845,59.917672],[30.402207,59.920632],[30.39367,59.918382],[30.392019,59.91797],[30.388307,59.917315],[30.385931,59.916828],[30.382569,59.916222],[30.372667,59.914515],[30.369511,59.91412],[30.36331,59.913866]]]}},{"type":"Feature","properties":{"id":"petrogradsky","name":"Петроградский район","osm_relation_id":1114905},"geometry":{"type":"Polygon","coordinates":[[[30.233883,59.962411],[30.255275,59.958255],[30.263799,59.956973],[30.266224,59.956277],[30.268407,59.954876],[30.277611,59.951528],[30.285037,59.949319],[30.285706,59.949104],[30.29227,59.947146],[30.293856,59.946672],[30.316861,59.945656],[30.327602,59.94862],[30.329137,59.949032],[30.330417,59.949301],[30.334888,59.950155],[30.345415,59.952243],[30.342353,59.953516],[30.340221,59.954654],[30.339266,59.955408],[30.337701,59.957326],[30.336762,59.960479],[30.335994,59.965178],[30.33496,59.967119],[30.334702,59.967487],[30.331811,59.971588],[30.330076,59.973644],[30.328135,59.975281],[30.326525,59.97627],[30.324316,59.977393],[30.321754,59.978468],[30.320216,59.979112],[30.314764,59.979901],[30.306297,59.981398],[30.299509,59.982551],[30.29035,59.982776],[30.283732,59.982349],[30.277349,59.981537],[30.273207,59.981345],[30.268574,59.9819],[30.266482,59.982317],[30.264134,59.982541],[30.260547,59.982573],[30.253714,59.982417],[30.252968,59.982402],[30.245859,59.982028],[30.236999,59.981163],[30.231279,59.979467],[30.226519,59.978922],[30.226553,59.977819],[30.225662,59.977689],[30.225341,59.977618],[30.22411,59.977009],[30.220584,59.977156],[30.220507,59.977126],[30.220109,59.97714],[30.219972,59.977169],[30.218368,59.977215],[30.21832,59.977255],[30.218225,59.977295],[30.218117,59.977318],[30.217939,59.977326],[30.217612,59.977332],[30.21724,59.977316],[30.216834,59.97728],[30.216496,59.977236],[30.21484,59.97694],[30.214095,59.976715],[30.213875,59.976644],[30.213359,59.97646],[30.212871,59.976249],[30.212566,59.976105],[30.212263,59.975941],[30.212011,59.975798],[30.211607,59.975553],[30.211149,59.975174],[30.210867,59.97489],[30.210627,59.974594],[30.210452,59.974322],[30.210295,59.973992],[30.210241,59.973734],[30.210153,59.973078],[30.210134,59.972338],[30.210238,59.971658],[30.210346,59.971228],[30.210528,59.970873],[30.210707,59.97063],[30.210922,59.970396],[30.211199,59.970157],[30.211304,59.970119],[30.211422,59.970123],[30.212486,59.970332],[30.212662,59.970338],[30.212815,59.970318],[30.212961,59.97027],[30.213045,59.970219],[30.213685,59.96956],[30.213902,59.969356],[30.21401,59.969318],[30.214105,59.969318],[30.214109,59.969285],[30.214451,59.969198],[30.214579,59.969034],[30.215346,59.96912],[30.215342,59.969461],[30.216738,59.969622],[30.217147,59.969695],[30.217495,59.969774],[30.21807,59.96984],[30.21817,59.969881],[30.218269,59.969968],[30.219135,59.969842],[30.219741,59.9698],[30.21988,59.969795],[30.220828,59.969714],[30.223666,59.96952],[30.224561,59.969385],[30.224844,59.969163],[30.22484,59.969088],[30.224989,59.968942],[30.224934,59.968736],[30.223997,59.968803],[30.223951,59.968646],[30.225007,59.96857],[30.224991,59.967977],[30.236717,59.966703],[30.23722,59.966638],[30.236792,59.966108],[30.236732,59.96609],[30.236668,59.966096],[30.236396,59.966039],[30.236184,59.965988],[30.235987,59.96593],[30.235854,59.965878],[30.235721,59.965815],[30.235574,59.965739],[30.235451,59.965666],[30.235352,59.965595],[30.23523,59.965499],[30.235128,59.965393],[30.235056,59.965257],[30.235016,59.96516],[30.234994,59.965085],[30.23499,59.96488],[30.235011,59.964774],[30.235052,59.964677],[30.235141,59.964554],[30.235253,59.964414],[30.235407,59.964287],[30.235576,59.964181],[30.235773,59.964079],[30.236097,59.963974],[30.233883,59.962411]]]}},{"type":"Feature","properties":{"id":"petrodvortsovy","name":"Петродворцовый район","osm_relation_id":367375},"geometry":{"type":"MultiPolygon","coordinates":[[[[30.075289,59.815234],[30.07493,59.816682],[30.074666,59.817907],[30.074578,59.818286],[30.07447,59.818664],[30.074367,59.819057],[30.074341,59.819196],[30.074265,59.819495],[30.07405,59.82036],[30.073999,59.820593],[30.073804,59.821469],[30.073542,59.822555],[30.073273,59.823581],[30.07301,59.824705],[30.072858,59.825375],[30.07268,59.826102],[30.072268,59.827704],[30.072071,59.828544],[30.072004,59.828879],[30.071901,59.829318],[30.071306,59.831813],[30.07069,59.834232],[30.070224,59.836358],[30.07017,59.836579],[30.069737,59.838423],[30.075516,59.837055],[30.083587,59.835154],[30.086071,59.834608],[30.08614,59.834678],[30.08671,59.835323],[30.091543,59.835928],[30.091526,59.836318],[30.091467,59.837248],[30.091325,59.839412],[30.091248,59.840407],[30.091216,59.840982],[30.091149,59.84256],[30.090991,59.844988],[30.090936,59.845642],[30.090926,59.845989],[30.090787,59.848134],[30.090782,59.848225],[30.090699,59.850057],[30.090637,59.851317],[30.090595,59.852264],[30.090584,59.852649],[30.090558,59.852762],[30.090491,59.852846],[30.090712,59.852885],[30.092607,59.85327],[30.094188,59.853619],[30.094746,59.853744],[30.095229,59.853831],[30.095415,59.85385],[30.095623,59.853867],[30.095891,59.85387],[30.096153,59.853868],[30.096399,59.853852],[30.100573,59.853406],[30.100595,59.853979],[30.098401,59.855331],[30.098669,59.8581],[30.098551,59.858919],[30.09852,59.86353],[30.09751,59.86356],[30.096983,59.863661],[30.096468,59.863798],[30.096211,59.863691],[30.095936,59.863669],[30.095352,59.863604],[30.095009,59.863635],[30.09447,59.86376],[30.094151,59.863604],[30.093893,59.863583],[30.093619,59.863217],[30.09331,59.863143],[30.09288,59.86354],[30.092932,59.863833],[30.092391,59.863928],[30.091275,59.864143],[30.090014,59.8641],[30.08887,59.86376],[30.08834,59.86352],[30.087979,59.863411],[30.087413,59.863023],[30.086778,59.86301],[30.085851,59.862695],[30.083877,59.86235],[30.082375,59.862462],[30.080632,59.862462],[30.079997,59.862419],[30.079581,59.862247],[30.079007,59.862314],[30.078954,59.862229],[30.07571,59.862355],[30.075416,59.862375],[30.075218,59.8624],[30.074996,59.862447],[30.074054,59.862631],[30.073764,59.862674],[30.073566,59.862694],[30.073356,59.862705],[30.072945,59.862695],[30.072712,59.862674],[30.072526,59.862652],[30.072333,59.862617],[30.072154,59.862579],[30.071978,59.862523],[30.071805,59.862458],[30.071331,59.862285],[30.070474,59.862023],[30.069568,59.861741],[30.069355,59.861654],[30.069182,59.861602],[30.068943,59.861587],[30.068083,59.861592],[30.067795,59.861581],[30.067581,59.861569],[30.06718,59.861523],[30.066778,59.861453],[30.06656,59.861438],[30.066149,59.861339],[30.065852,59.861215],[30.065321,59.861061],[30.064647,59.860875],[30.063885,59.860675],[30.063428,59.860697],[30.062979,59.860746],[30.062613,59.860727],[30.06202,59.860638],[30.06169,59.86068],[30.061224,59.860783],[30.060629,59.860924],[30.059891,59.861287],[30.059418,59.861491],[30.058888,59.861655],[30.058617,59.861726],[30.05846,59.861745],[30.058313,59.861728],[30.057686,59.861573],[30.057008,59.861377],[30.056415,59.861154],[30.056141,59.861096],[30.055426,59.861113],[30.055265,59.861129],[30.055123,59.861136],[30.055044,59.861118],[30.054723,59.861123],[30.054639,59.86116],[30.05458,59.861173],[30.054393,59.861182],[30.054315,59.86117],[30.054225,59.861124],[30.054201,59.861065],[30.046826,59.861756],[30.046657,59.861733],[30.046602,59.861649],[30.046654,59.861576],[30.046782,59.861547],[30.046465,59.860763],[30.045866,59.860712],[30.045831,59.860658],[30.045661,59.860589],[30.045444,59.860557],[30.045255,59.860464],[30.044932,59.86045],[30.044691,59.860449],[30.044683,59.860686],[30.0447,59.860868],[30.044888,59.860884],[30.04514,59.86155],[30.044956,59.861582],[30.045038,59.861754],[30.045215,59.861743],[30.045284,59.861887],[30.04477,59.861965],[30.044799,59.862612],[30.045301,59.862712],[30.045639,59.862749],[30.045706,59.862834],[30.045673,59.862891],[30.045499,59.862932],[30.045324,59.862986],[30.045122,59.863083],[30.04482,59.863091],[30.044579,59.863063],[30.043785,59.862492],[30.04333,59.862135],[30.042587,59.862162],[30.041522,59.862183],[30.040936,59.8622],[30.040676,59.862176],[30.040626,59.862031],[30.039703,59.861877],[30.039391,59.861932],[30.039094,59.861881],[30.038819,59.861734],[30.038358,59.861666],[30.038302,59.861731],[30.03802,59.861746],[30.037741,59.861724],[30.037527,59.861636],[30.037266,59.8616],[30.037,59.861554],[30.036589,59.861591],[30.036401,59.861537],[30.03623,59.861524],[30.036178,59.861479],[30.036157,59.861359],[30.035848,59.861339],[30.035669,59.8614],[30.035321,59.861329],[30.035202,59.861244],[30.035116,59.861026],[30.034921,59.861158],[30.034766,59.861278],[30.034706,59.861336],[30.034599,59.861357],[30.034609,59.861432],[30.034515,59.861453],[30.034437,59.861422],[30.034433,59.861346],[30.0343,59.861291],[30.034206,59.8613],[30.034159,59.861387],[30.034058,59.861391],[30.033995,59.861345],[30.033901,59.861334],[30.033889,59.861248],[30.033838,59.861222],[30.033795,59.861124],[30.033896,59.86108],[30.034174,59.861066],[30.034017,59.861008],[30.033766,59.861],[30.03366,59.860958],[30.033039,59.860973],[30.033027,59.861038],[30.033215,59.861118],[30.033052,59.861179],[30.033045,59.861289],[30.032814,59.861285],[30.032338,59.861471],[30.032145,59.861652],[30.031755,59.861761],[30.031514,59.861767],[30.0314,59.861647],[30.031521,59.861578],[30.031874,59.861567],[30.031889,59.861445],[30.031764,59.861422],[30.031685,59.861481],[30.031647,59.861426],[30.031555,59.861396],[30.03147,59.861338],[30.031465,59.861281],[30.030993,59.861352],[30.030747,59.861339],[30.030637,59.861247],[30.030516,59.861267],[30.030547,59.861304],[30.030475,59.861388],[30.029893,59.861394],[30.029681,59.861316],[30.029419,59.861342],[30.029227,59.861238],[30.028693,59.861296],[30.028575,59.861221],[30.028396,59.861202],[30.028106,59.860944],[30.027557,59.861],[30.027308,59.86091],[30.027076,59.860832],[30.027111,59.860755],[30.026913,59.860673],[30.026767,59.860737],[30.02645,59.860781],[30.026149,59.860725],[30.026107,59.860897],[30.025858,59.861018],[30.025523,59.861104],[30.025077,59.861048],[30.024974,59.860957],[30.02449,59.860963],[30.024355,59.861045],[30.023873,59.861141],[30.023661,59.861285],[30.023467,59.861425],[30.02321,59.861588],[30.0231,59.861821],[30.022735,59.862101],[30.022084,59.862378],[30.021874,59.862443],[30.021729,59.862477],[30.021418,59.862538],[30.021161,59.862593],[30.020974,59.86266],[30.020882,59.862707],[30.02083,59.862747],[30.020721,59.8628],[30.020579,59.862948],[30.020389,59.86303],[30.01991,59.863185],[30.0197,59.863279],[30.019455,59.863439],[30.019452,59.863503],[30.019695,59.863667],[30.019554,59.863675],[30.019418,59.863616],[30.019343,59.863668],[30.019982,59.864165],[30.019494,59.864697],[30.019448,59.864683],[30.019884,59.864204],[30.018991,59.863521],[30.017965,59.864068],[30.018856,59.864913],[30.018673,59.864962],[30.017859,59.864229],[30.017535,59.864098],[30.016545,59.864207],[30.016322,59.864293],[30.016296,59.864469],[30.015807,59.864469],[30.01561,59.864672],[30.015481,59.864594],[30.015382,59.86448],[30.015148,59.864528],[30.015156,59.864692],[30.015008,59.864941],[30.014921,59.86514],[30.01466,59.865357],[30.014437,59.865457],[30.014175,59.865632],[30.014133,59.865777],[30.014002,59.865886],[30.013786,59.866034],[30.013493,59.86617],[30.013206,59.866163],[30.012726,59.865861],[30.012434,59.865741],[30.012339,59.865551],[30.012168,59.865516],[30.012024,59.865505],[30.011937,59.865398],[30.011936,59.865211],[30.01226,59.864955],[30.012138,59.864839],[30.012468,59.864683],[30.012388,59.864591],[30.012288,59.864384],[30.0109,59.864475],[30.010763,59.864547],[30.010706,59.864668],[30.010693,59.86487],[30.010571,59.864932],[30.010605,59.865133],[30.010741,59.865374],[30.01076,59.865454],[30.010738,59.865528],[30.010639,59.865464],[30.010467,59.86517],[30.010332,59.86508],[30.010184,59.864967],[30.009879,59.864933],[30.009676,59.864856],[30.009493,59.864819],[30.009285,59.864835],[30.00901,59.864908],[30.008632,59.864984],[30.008219,59.865134],[30.007754,59.865376],[30.007671,59.865389],[30.007292,59.865479],[30.007153,59.865685],[30.006856,59.86581],[30.006566,59.86587],[30.006082,59.865914],[30.00573,59.865988],[30.005661,59.866155],[30.004683,59.86622],[30.003826,59.866186],[30.003225,59.866314],[30.002683,59.866276],[30.002195,59.866588],[30.001964,59.866608],[30.001764,59.867052],[30.001395,59.867198],[30.000777,59.867254],[30.000623,59.867384],[30.00076,59.867608],[30.000588,59.867875],[30.00031,59.867941],[30.000185,59.867944],[29.99991,59.868116],[30.000108,59.86834],[30.000211,59.868495],[30.0004,59.868581],[30.000383,59.868706],[30.000048,59.868659],[29.99937,59.868633],[29.999009,59.868637],[29.998426,59.868551],[29.997799,59.868534],[29.997009,59.86862],[29.99665,59.86884],[29.995963,59.869146],[29.995884,59.869644],[29.995542,59.869524],[29.994964,59.869702],[29.99455,59.870151],[29.994022,59.87015],[29.993465,59.870379],[29.993313,59.870597],[29.993172,59.870947],[29.99341,59.871157],[29.993217,59.871225],[29.992736,59.870892],[29.99244,59.870917],[29.992207,59.871076],[29.992064,59.8712],[29.991791,59.871231],[29.991408,59.871609],[29.99028,59.87167],[29.98955,59.87207],[29.988466,59.872832],[29.988489,59.873494],[29.986176,59.874545],[29.98491,59.87423],[29.983172,59.874869],[29.982212,59.875193],[29.981536,59.875307],[29.980768,59.8757],[29.980542,59.876445],[29.979489,59.877388],[29.978326,59.877552],[29.977202,59.878079],[29.977575,59.878523],[29.97667,59.87889],[29.975174,59.878987],[29.97443,59.87958],[29.973617,59.879676],[29.972518,59.87936],[29.969346,59.879443],[29.968954,59.879619],[29.969003,59.879862],[29.968805,59.879888],[29.968488,59.87966],[29.967968,59.879756],[29.968431,59.880885],[29.968212,59.881516],[29.967174,59.881299],[29.966754,59.880946],[29.966705,59.880754],[29.966235,59.88076],[29.966161,59.880983],[29.966989,59.881454],[29.96668,59.881752],[29.965929,59.882039],[29.965444,59.881808],[29.965328,59.881683],[29.965124,59.881581],[29.96492,59.8816],[29.964679,59.881699],[29.964561,59.881796],[29.964518,59.881971],[29.964867,59.882308],[29.964738,59.882504],[29.964325,59.882609],[29.963949,59.88254],[29.963615,59.882081],[29.963145,59.881975],[29.962812,59.882124],[29.963343,59.882236],[29.963145,59.882707],[29.962614,59.88285],[29.96207,59.882701],[29.962305,59.882552],[29.961943,59.882464],[29.961562,59.882483],[29.960961,59.882612],[29.960436,59.882881],[29.959872,59.882911],[29.959186,59.882854],[29.958638,59.88293],[29.957877,59.883399],[29.957405,59.88353],[29.956868,59.883636],[29.956471,59.883608],[29.956294,59.883559],[29.956026,59.883539],[29.955817,59.8836],[29.955629,59.883705],[29.955522,59.883837],[29.95549,59.883971],[29.955608,59.884125],[29.955626,59.884364],[29.955455,59.884489],[29.954972,59.884616],[29.954435,59.884501],[29.9542,59.884305],[29.954012,59.884002],[29.953913,59.883964],[29.953795,59.884017],[29.953939,59.884232],[29.953747,59.884409],[29.953537,59.884462],[29.95295,59.884328],[29.952981,59.884223],[29.952522,59.883965],[29.952117,59.884257],[29.952081,59.884301],[29.952288,59.884495],[29.95232,59.884744],[29.952221,59.886269],[29.952175,59.887026],[29.95219,59.887349],[29.952357,59.887342],[29.952329,59.887391],[29.952154,59.887414],[29.952108,59.887384],[29.952103,59.887054],[29.951892,59.887058],[29.951846,59.887495],[29.951678,59.887592],[29.951633,59.887579],[29.951756,59.887504],[29.95186,59.886242],[29.951838,59.885568],[29.951856,59.885252],[29.951188,59.885409],[29.950785,59.885304],[29.950366,59.885442],[29.950008,59.885431],[29.949823,59.885311],[29.9496,59.885362],[29.949298,59.885346],[29.948887,59.8853],[29.9488,59.885397],[29.948635,59.885462],[29.948232,59.885341],[29.94822,59.885162],[29.948159,59.885139],[29.948081,59.885265],[29.947879,59.885409],[29.947405,59.885421],[29.947093,59.885399],[29.946856,59.885337],[29.946539,59.885301],[29.946354,59.885234],[29.94623,59.88506],[29.946306,59.884848],[29.946105,59.884981],[29.945985,59.884958],[29.945925,59.884891],[29.945978,59.88477],[29.945829,59.884769],[29.945339,59.884754],[29.945397,59.884836],[29.94511,59.884869],[29.94461,59.884865],[29.94456,59.884915],[29.944667,59.885004],[29.944596,59.885117],[29.944501,59.885124],[29.944357,59.88517],[29.944099,59.885205],[29.943895,59.885197],[29.94381,59.885244],[29.943626,59.885274],[29.943499,59.885234],[29.943321,59.885168],[29.943171,59.885058],[29.943267,59.884882],[29.943431,59.884819],[29.943333,59.884803],[29.943054,59.884786],[29.942789,59.884808],[29.94284,59.884983],[29.942907,59.885088],[29.94291,59.885267],[29.942823,59.885406],[29.94272,59.885499],[29.942352,59.885544],[29.942258,59.885603],[29.942185,59.885601],[29.942177,59.885534],[29.942127,59.885443],[29.942018,59.885404],[29.942092,59.885176],[29.942089,59.884987],[29.941996,59.885007],[29.94184,59.885007],[29.941699,59.8851],[29.941671,59.885334],[29.94174,59.885632],[29.94198,59.885631],[29.942092,59.885698],[29.942085,59.885759],[29.941968,59.885809],[29.941296,59.885909],[29.941328,59.886038],[29.941273,59.886096],[29.941112,59.886097],[29.940981,59.886048],[29.941002,59.885711],[29.940418,59.88552],[29.939553,59.88535],[29.937517,59.885081],[29.936612,59.885026],[29.936294,59.885058],[29.935505,59.88508],[29.93328,59.885278],[29.933148,59.88531],[29.93317,59.885416],[29.933077,59.88543],[29.932939,59.885384],[29.932615,59.88531],[29.932191,59.88529],[29.931422,59.885321],[29.930508,59.885454],[29.929922,59.885634],[29.92965,59.885641],[29.929163,59.885794],[29.928598,59.885769],[29.928124,59.885849],[29.928029,59.885863],[29.927539,59.885776],[29.926048,59.88566],[29.925442,59.885795],[29.923902,59.88579],[29.923406,59.885804],[29.923224,59.885844],[29.92306,59.88586],[29.922906,59.885852],[29.922731,59.885893],[29.922631,59.885957],[29.922434,59.885958],[29.921947,59.885958],[29.921552,59.885984],[29.921015,59.886065],[29.920668,59.886143],[29.920691,59.88653],[29.920214,59.88685],[29.920308,59.887179],[29.919847,59.887274],[29.919732,59.887336],[29.919315,59.887409],[29.918381,59.887514],[29.918205,59.887333],[29.917763,59.887356],[29.917636,59.887296],[29.917094,59.887322],[29.916404,59.887308],[29.913357,59.887566],[29.912678,59.88771],[29.911941,59.887985],[29.911484,59.888379],[29.911542,59.888501],[29.912208,59.888849],[29.912833,59.889511],[29.913343,59.889749],[29.913555,59.889872],[29.913715,59.889834],[29.91416,59.890039],[29.914368,59.890168],[29.914213,59.890236],[29.913715,59.89021],[29.913912,59.890595],[29.91397,59.890618],[29.914092,59.89083],[29.913912,59.890857],[29.913787,59.890649],[29.913839,59.890605],[29.913573,59.890219],[29.912399,59.890394],[29.91226,59.890402],[29.911947,59.890445],[29.912018,59.890561],[29.911992,59.89061],[29.911922,59.890643],[29.911279,59.890723],[29.911187,59.890658],[29.911078,59.890443],[29.911273,59.889965],[29.910885,59.889479],[29.909924,59.889273],[29.909251,59.88917],[29.908037,59.889068],[29.907191,59.889068],[29.90627,59.888974],[29.905658,59.888968],[29.904686,59.88899],[29.90364,59.88925],[29.90116,59.88929],[29.89965,59.88957],[29.898464,59.889756],[29.897174,59.889956],[29.896528,59.890073],[29.895531,59.890197],[29.895245,59.890252],[29.894857,59.890332],[29.895009,59.890434],[29.895018,59.890581],[29.89496,59.890661],[29.894392,59.890756],[29.894265,59.890847],[29.894277,59.890975],[29.894364,59.891377],[29.893994,59.891446],[29.893796,59.891558],[29.893455,59.891658],[29.893331,59.891768],[29.89311,59.891838],[29.893101,59.891878],[29.893118,59.891963],[29.893027,59.892072],[29.892907,59.892125],[29.892778,59.892155],[29.892605,59.892159],[29.892555,59.892113],[29.892515,59.892111],[29.892474,59.892032],[29.892376,59.892003],[29.892306,59.891853],[29.892395,59.891795],[29.89236,59.891676],[29.892343,59.891643],[29.892287,59.891652],[29.892294,59.891695],[29.89226,59.891718],[29.892197,59.891701],[29.892184,59.891664],[29.892131,59.891603],[29.892131,59.891539],[29.892069,59.891542],[29.892014,59.891608],[29.891937,59.891662],[29.891732,59.891691],[29.891611,59.891725],[29.891368,59.891735],[29.891123,59.891739],[29.891121,59.891813],[29.891313,59.89206],[29.89209,59.89345],[29.89185,59.89359],[29.891619,59.893606],[29.89134,59.8936],[29.890499,59.893508],[29.889661,59.893258],[29.888989,59.893094],[29.888427,59.892979],[29.888057,59.892894],[29.888069,59.893083],[29.887597,59.893285],[29.887176,59.892987],[29.887772,59.892826],[29.887736,59.89272],[29.887389,59.892764],[29.887075,59.892845],[29.886737,59.892883],[29.886585,59.892786],[29.886363,59.892921],[29.886192,59.892863],[29.886039,59.892986],[29.886312,59.892988],[29.886402,59.893135],[29.88622,59.893251],[29.886399,59.893259],[29.88646,59.893313],[29.886349,59.893347],[29.886349,59.893444],[29.886294,59.893552],[29.886183,59.893572],[29.886162,59.893645],[29.886046,59.893667],[29.885825,59.893667],[29.88568,59.893608],[29.885606,59.893481],[29.88569,59.893405],[29.885622,59.89333],[29.885646,59.89325],[29.885373,59.893236],[29.885151,59.893123],[29.88469,59.893159],[29.884515,59.893071],[29.884143,59.892947],[29.883665,59.892909],[29.883287,59.892991],[29.88326,59.893167],[29.883242,59.893423],[29.882555,59.893544],[29.882027,59.893607],[29.881241,59.893726],[29.88072,59.893814],[29.880423,59.893844],[29.880254,59.893871],[29.880288,59.894046],[29.880211,59.894132],[29.880109,59.894202],[29.879981,59.894236],[29.879883,59.894234],[29.879782,59.894169],[29.879653,59.894173],[29.879582,59.894304],[29.879505,59.894338],[29.879234,59.894324],[29.879124,59.894342],[29.879009,59.894397],[29.878639,59.89447],[29.878408,59.894581],[29.878188,59.894696],[29.877732,59.894807],[29.877148,59.895046],[29.877,59.895142],[29.87685,59.895316],[29.876755,59.895491],[29.876466,59.895573],[29.876133,59.89572],[29.875941,59.895745],[29.875748,59.895793],[29.875493,59.895874],[29.875399,59.895929],[29.875345,59.896014],[29.875347,59.89606],[29.875402,59.896164],[29.875225,59.896228],[29.875109,59.89633],[29.875033,59.896501],[29.875119,59.896651],[29.875147,59.896747],[29.875069,59.896866],[29.875026,59.897046],[29.874979,59.897412],[29.875078,59.897572],[29.87507,59.897651],[29.874884,59.897782],[29.874669,59.897848],[29.873489,59.897942],[29.873177,59.89804],[29.872515,59.897966],[29.871912,59.897997],[29.871735,59.898056],[29.871446,59.898089],[29.871206,59.898142],[29.871147,59.898173],[29.870866,59.898201],[29.870869,59.898207],[29.868024,59.898442],[29.86798,59.898521],[29.868039,59.898961],[29.867789,59.899029],[29.867305,59.898927],[29.866976,59.89897],[29.866657,59.898963],[29.865836,59.898849],[29.865663,59.898812],[29.865295,59.898782],[29.864967,59.89877],[29.864712,59.898795],[29.864459,59.898859],[29.864388,59.899012],[29.864257,59.899135],[29.863731,59.899268],[29.863228,59.899348],[29.862376,59.899395],[29.861655,59.899377],[29.8612,59.899421],[29.86097,59.899462],[29.860814,59.899513],[29.859737,59.899523],[29.859431,59.899519],[29.859174,59.899546],[29.859199,59.899611],[29.859314,59.899665],[29.859401,59.899764],[29.859419,59.899989],[29.859132,59.900213],[29.858673,59.90043],[29.858452,59.900423],[29.858297,59.900284],[29.858099,59.90031],[29.85802,59.900422],[29.857872,59.90051],[29.857446,59.900569],[29.857312,59.900559],[29.857096,59.90049],[29.85688,59.900393],[29.856543,59.900299],[29.856423,59.900171],[29.856504,59.900008],[29.856684,59.899862],[29.856821,59.899798],[29.856912,59.899742],[29.856928,59.899659],[29.856987,59.899591],[29.857289,59.899443],[29.857269,59.899391],[29.857177,59.899344],[29.856834,59.899376],[29.856566,59.899428],[29.856297,59.899501],[29.856231,59.899493],[29.855955,59.899402],[29.855658,59.899334],[29.855508,59.899323],[29.855342,59.899328],[29.855065,59.899369],[29.854763,59.899448],[29.854561,59.899545],[29.854478,59.899622],[29.854455,59.899754],[29.854446,59.89987],[29.854402,59.899997],[29.854318,59.900057],[29.854418,59.900134],[29.854553,59.900124],[29.854673,59.900188],[29.854828,59.900338],[29.854895,59.900474],[29.854826,59.900579],[29.854682,59.900652],[29.854726,59.900714],[29.855033,59.900732],[29.855259,59.90077],[29.855371,59.900897],[29.855357,59.901057],[29.855162,59.901256],[29.85486,59.901398],[29.854337,59.90142],[29.853894,59.901623],[29.853064,59.901893],[29.852727,59.90194],[29.852353,59.90192],[29.852109,59.901715],[29.851893,59.901448],[29.852001,59.901165],[29.85189,59.901132],[29.851508,59.901214],[29.851148,59.901096],[29.850962,59.900942],[29.850642,59.900948],[29.850237,59.901002],[29.849932,59.90092],[29.849624,59.900751],[29.849503,59.900556],[29.849261,59.900517],[29.849115,59.900604],[29.848921,59.900712],[29.84872,59.900704],[29.848331,59.900625],[29.847782,59.900589],[29.847504,59.90065],[29.847273,59.900628],[29.847149,59.900651],[29.846958,59.900761],[29.846571,59.900821],[29.8461,59.90086],[29.845889,59.900949],[29.845741,59.901001],[29.845467,59.900914],[29.845263,59.900923],[29.845254,59.900985],[29.845285,59.901061],[29.845191,59.901099],[29.845071,59.901105],[29.84488,59.901072],[29.844319,59.900892],[29.844262,59.90094],[29.844202,59.901168],[29.843949,59.90126],[29.843758,59.901322],[29.843448,59.901364],[29.843168,59.901439],[29.843058,59.901516],[29.84271,59.901646],[29.842356,59.901587],[29.842007,59.901739],[29.842069,59.901926],[29.84203,59.902028],[29.841948,59.902118],[29.841698,59.902138],[29.841427,59.9021],[29.841254,59.902097],[29.841048,59.902041],[29.840962,59.901986],[29.840844,59.901967],[29.84084,59.901928],[29.840802,59.901899],[29.840651,59.901871],[29.840566,59.901912],[29.840481,59.901904],[29.840453,59.901843],[29.840481,59.901769],[29.840529,59.901528],[29.84047,59.901492],[29.840382,59.901464],[29.840288,59.901448],[29.840196,59.901444],[29.840062,59.901558],[29.839922,59.901604],[29.839769,59.901613],[29.839518,59.901563],[29.839301,59.901478],[29.839268,59.901398],[29.83912,59.901366],[29.839111,59.901336],[29.839077,59.901315],[29.838981,59.901326],[29.838943,59.901316],[29.838924,59.901278],[29.838849,59.901234],[29.838438,59.900617],[29.837163,59.901511],[29.836865,59.901896],[29.83688,59.902029],[29.836814,59.902201],[29.83652,59.902311],[29.836254,59.902368],[29.835382,59.902404],[29.834195,59.902721],[29.834217,59.902856],[29.833541,59.903049],[29.832897,59.903039],[29.832168,59.903017],[29.831695,59.902856],[29.831352,59.903033],[29.830698,59.902979],[29.82963,59.903175],[29.828434,59.903614],[29.827586,59.903715],[29.827334,59.903738],[29.826501,59.903793],[29.825085,59.904182],[29.824963,59.904207],[29.824338,59.904386],[29.824023,59.904515],[29.823393,59.904488],[29.822991,59.904532],[29.822862,59.904772],[29.823276,59.905354],[29.823282,59.905568],[29.82295,59.905699],[29.82215,59.905776],[29.821432,59.905687],[29.819892,59.905752],[29.817775,59.906707],[29.817167,59.907349],[29.816714,59.907402],[29.816534,59.907352],[29.816192,59.907359],[29.81579,59.907329],[29.815403,59.907352],[29.814135,59.907502],[29.813495,59.907771],[29.812675,59.90786],[29.812522,59.908064],[29.811633,59.908379],[29.811546,59.908666],[29.81131,59.90886],[29.810995,59.908925],[29.810951,59.909025],[29.810399,59.909057],[29.809878,59.909059],[29.808957,59.909136],[29.807563,59.909217],[29.804952,59.909943],[29.802606,59.910012],[29.801226,59.91042],[29.799152,59.910848],[29.799308,59.911501],[29.797824,59.911972],[29.797996,59.912351],[29.797867,59.912445],[29.797362,59.912443],[29.797545,59.912766],[29.797388,59.912927],[29.797021,59.912981],[29.796847,59.913293],[29.796917,59.91342],[29.79673,59.913554],[29.796457,59.913564],[29.79626,59.913499],[29.79585,59.913089],[29.795957,59.913055],[29.795905,59.91298],[29.795769,59.913003],[29.795731,59.912956],[29.795894,59.912921],[29.795505,59.91244],[29.7953,59.912482],[29.795155,59.912343],[29.797279,59.91172],[29.798486,59.911305],[29.79832,59.911141],[29.795005,59.912147],[29.794325,59.912314],[29.792752,59.91253],[29.792673,59.912587],[29.792764,59.912678],[29.792966,59.912703],[29.794865,59.912462],[29.794951,59.912549],[29.794781,59.912595],[29.795305,59.91318],[29.795534,59.913168],[29.795726,59.913483],[29.794725,59.913866],[29.794206,59.913854],[29.793584,59.913962],[29.793952,59.914318],[29.794222,59.914569],[29.79413,59.914731],[29.793872,59.914804],[29.788862,59.916184],[29.788504,59.916157],[29.78815,59.915917],[29.787816,59.916209],[29.78725,59.916484],[29.786824,59.916485],[29.788314,59.917888],[29.788018,59.918002],[29.784347,59.914803],[29.782525,59.915149],[29.78235,59.915189],[29.781148,59.915674],[29.780884,59.915879],[29.780776,59.916328],[29.780782,59.916872],[29.780776,59.917201],[29.780762,59.917416],[29.780784,59.917543],[29.780766,59.917799],[29.780568,59.918299],[29.780204,59.918643],[29.779668,59.919045],[29.779007,59.919589],[29.778526,59.920093],[29.778779,59.92024],[29.779489,59.92067],[29.780138,59.921091],[29.779006,59.921619],[29.77825,59.921301],[29.778178,59.921334],[29.778948,59.921668],[29.778852,59.92172],[29.777096,59.92091],[29.777392,59.920741],[29.776904,59.920496],[29.776697,59.92061],[29.774948,59.919843],[29.775004,59.919618],[29.772447,59.918505],[29.7718,59.918796],[29.771947,59.918865],[29.775099,59.920328],[29.775033,59.920356],[29.77515,59.920413],[29.775035,59.920498],[29.77659,59.921206],[29.775411,59.921783],[29.776815,59.922668],[29.777584,59.923303],[29.778783,59.924291],[29.779527,59.925243],[29.780966,59.927062],[29.781988,59.929211],[29.779477,59.930413],[29.77928,59.930541],[29.777194,59.93012],[29.774782,59.929651],[29.772284,59.929174],[29.771486,59.929316],[29.768911,59.928619],[29.768272,59.928436],[29.767292,59.927884],[29.765785,59.928284],[29.763785,59.929112],[29.762245,59.928989],[29.760727,59.929484],[29.758371,59.929951],[29.756441,59.929354],[29.756666,59.928808],[29.755535,59.928656],[29.753232,59.929554],[29.753042,59.930324],[29.752802,59.930464],[29.751782,59.930484],[29.750272,59.930774],[29.750032,59.930904],[29.749952,59.931074],[29.750312,59.931154],[29.750332,59.931414],[29.749822,59.931424],[29.749632,59.931254],[29.748452,59.931284],[29.748312,59.931704],[29.747472,59.931814],[29.747572,59.931984],[29.747612,59.932494],[29.747422,59.933264],[29.746382,59.933034],[29.746422,59.933544],[29.744392,59.933714],[29.742872,59.933744],[29.739832,59.934064],[29.736762,59.933994],[29.736812,59.934504],[29.734272,59.934704],[29.728672,59.934804],[29.727632,59.934574],[29.727092,59.934324],[29.726592,59.934334],[29.725082,59.934624],[29.724572,59.934634],[29.722512,59.934424],[29.720482,59.934464],[29.718972,59.934754],[29.715912,59.934814],[29.714362,59.934584],[29.714102,59.934464],[29.713802,59.933964],[29.713472,59.934054],[29.712812,59.934364],[29.711302,59.934524],[29.711217,59.933629],[29.710615,59.933544],[29.710665,59.934054],[29.710145,59.933934],[29.709635,59.933944],[29.708125,59.934234],[29.707615,59.934244],[29.706065,59.934024],[29.705555,59.934034],[29.705147,59.934104],[29.706607,59.936532],[29.706464,59.936584],[29.706444,59.937207],[29.684579,59.937153],[29.684611,59.935257],[29.672275,59.935233],[29.672248,59.935233],[29.67207,59.935376],[29.672123,59.935553],[29.672271,59.935909],[29.672502,59.936452],[29.672796,59.937193],[29.672934,59.937204],[29.672982,59.937229],[29.673035,59.937363],[29.673016,59.937383],[29.672939,59.937407],[29.672054,59.937561],[29.671204,59.937646],[29.671071,59.937643],[29.670998,59.937664],[29.670614,59.937669],[29.670559,59.937663],[29.670498,59.937642],[29.670455,59.937537],[29.67046,59.937501],[29.670488,59.93748],[29.67004,59.936755],[29.669971,59.936634],[29.669843,59.936477],[29.669832,59.936289],[29.669629,59.935552],[29.669291,59.935219],[29.669156,59.93513],[29.668771,59.935015],[29.66824,59.934854],[29.668004,59.934753],[29.66759,59.934645],[29.665622,59.93409],[29.664562,59.933853],[29.660878,59.932952],[29.656479,59.931851],[29.654024,59.931242],[29.651566,59.930572],[29.649507,59.930172],[29.647539,59.929857],[29.647942,59.928203],[29.650873,59.928301],[29.654043,59.927928],[29.660046,59.926975],[29.66133,59.924807],[29.657581,59.919031],[29.656289,59.916636],[29.658919,59.91532],[29.659886,59.915431],[29.663341,59.914893],[29.663764,59.914838],[29.663915,59.914774],[29.666361,59.914376],[29.669193,59.913902],[29.676146,59.913418],[29.680008,59.912773],[29.681939,59.912504],[29.693719,59.910256],[29.696959,59.909416],[29.698526,59.909029],[29.700521,59.90847],[29.700513,59.908441],[29.703096,59.907781],[29.705431,59.907004],[29.706234,59.906732],[29.706627,59.906536],[29.707168,59.906161],[29.707267,59.905938],[29.707504,59.90568],[29.707395,59.905293],[29.707415,59.905211],[29.709024,59.904901],[29.709615,59.905598],[29.715719,59.903764],[29.716985,59.903538],[29.717423,59.903392],[29.717554,59.903226],[29.717833,59.903156],[29.718557,59.903071],[29.719499,59.902904],[29.720003,59.902818],[29.72208,59.9015],[29.723893,59.89884],[29.727017,59.894256],[29.726533,59.893647],[29.714945,59.889277],[29.714348,59.88732],[29.716417,59.874117],[29.7245,59.871103],[29.732802,59.871617],[29.735191,59.870842],[29.736895,59.872445],[29.750124,59.871747],[29.750127,59.868841],[29.764407,59.869256],[29.771356,59.87222],[29.786848,59.865826],[29.799869,59.858658],[29.800268,59.858911],[29.809652,59.863039],[29.810097,59.863163],[29.816057,59.865839],[29.82334,59.868907],[29.823529,59.868924],[29.823643,59.868834],[29.823814,59.868894],[29.826626,59.86812],[29.826951,59.866536],[29.829065,59.865978],[29.830647,59.865511],[29.834906,59.866143],[29.834865,59.868193],[29.837473,59.867827],[29.838856,59.867409],[29.844233,59.865988],[29.851705,59.864018],[29.859087,59.862072],[29.85782,59.861111],[29.858535,59.860326],[29.859637,59.85855],[29.859794,59.858552],[29.86006,59.8585],[29.861625,59.857906],[29.861752,59.857778],[29.862538,59.855442],[29.862763,59.855353],[29.867512,59.853857],[29.867675,59.853836],[29.869011,59.853976],[29.86943,59.854761],[29.870788,59.855472],[29.871997,59.856469],[29.871484,59.858898],[29.873009,59.85889],[29.874216,59.858646],[29.874497,59.856841],[29.880562,59.851994],[29.879684,59.851458],[29.879172,59.850585],[29.878741,59.849696],[29.878586,59.849298],[29.877846,59.848759],[29.876675,59.848844],[29.876466,59.848161],[29.879759,59.84785],[29.880856,59.845799],[29.881212,59.843616],[29.886234,59.842784],[29.886487,59.843286],[29.887017,59.844129],[29.887831,59.845467],[29.8881,59.845723],[29.889843,59.84859],[29.890068,59.8489],[29.890537,59.849757],[29.891557,59.851785],[29.892647,59.853882],[29.894895,59.853467],[29.895222,59.854036],[29.895218,59.854084],[29.895194,59.85416],[29.89521,59.854212],[29.895463,59.854634],[29.895474,59.854661],[29.903797,59.853749],[29.903779,59.85371],[29.902194,59.850194],[29.902252,59.850182],[29.909422,59.848985],[29.910216,59.851304],[29.924837,59.848736],[29.92509,59.847683],[29.945207,59.844801],[29.944023,59.842872],[29.943763,59.842445],[29.943939,59.842418],[29.942748,59.840479],[29.942066,59.83939],[29.941647,59.838667],[29.939176,59.834569],[29.937466,59.831733],[29.936787,59.830588],[29.937298,59.830434],[29.937627,59.830345],[29.937971,59.830261],[29.938223,59.830241],[29.938379,59.830261],[29.938556,59.830309],[29.938711,59.830398],[29.939227,59.83081],[29.939396,59.830903],[29.94126,59.830785],[29.944345,59.828827],[29.977742,59.834186],[29.978358,59.835096],[29.978609,59.835073],[29.978935,59.835111],[29.979284,59.835019],[29.979679,59.834954],[29.980158,59.834882],[29.980697,59.834836],[29.981023,59.834798],[29.981623,59.834718],[29.982124,59.834645],[29.982527,59.834611],[29.983043,59.834584],[29.983559,59.8345],[29.983856,59.834458],[29.984181,59.834336],[29.984416,59.834349],[29.984898,59.834344],[29.985041,59.834322],[29.985113,59.83429],[29.985273,59.834171],[29.985437,59.834144],[29.985874,59.834131],[29.986465,59.834043],[29.98714,59.833884],[29.987509,59.833856],[29.988166,59.833777],[29.988466,59.83376],[29.988868,59.833779],[29.989135,59.833748],[29.989365,59.833709],[29.989574,59.833702],[29.989769,59.833708],[29.989926,59.833684],[29.990135,59.833608],[29.990284,59.833581],[29.990431,59.833578],[29.990706,59.833591],[29.991002,59.833565],[29.991119,59.833581],[29.991213,59.833618],[29.991341,59.833685],[29.991452,59.833694],[29.991574,59.833659],[29.991677,59.833585],[29.991882,59.833459],[29.992003,59.833419],[29.992264,59.83338],[29.992454,59.833379],[29.992543,59.833408],[29.992655,59.833531],[29.992889,59.833672],[29.993028,59.833707],[29.993066,59.833709],[29.993527,59.833771],[29.993865,59.833889],[29.994071,59.834021],[29.994371,59.834134],[29.994521,59.834289],[29.994704,59.834586],[29.994743,59.834594],[29.994739,59.83466],[29.994882,59.834855],[29.995133,59.834997],[29.99532,59.835219],[29.99551,59.835391],[29.995854,59.835476],[29.996102,59.835487],[29.996281,59.835406],[29.996449,59.835252],[29.996694,59.835169],[29.996983,59.835164],[29.997361,59.83528],[29.99782,59.835523],[29.998005,59.835632],[29.998292,59.835702],[29.998911,59.836014],[29.999057,59.836218],[29.99932,59.836398],[29.999623,59.836509],[29.999955,59.836557],[30.000166,59.836557],[30.00037,59.836497],[30.000709,59.836433],[30.000896,59.836411],[30.001199,59.836291],[30.001426,59.836172],[30.001623,59.836098],[30.001904,59.836103],[30.002167,59.836209],[30.002299,59.836278],[30.002616,59.836549],[30.002834,59.836782],[30.00309,59.836988],[30.003328,59.83707],[30.003567,59.837104],[30.003974,59.837077],[30.004423,59.837016],[30.004639,59.836923],[30.004794,59.836787],[30.005028,59.836731],[30.005359,59.836704],[30.005555,59.836616],[30.005904,59.836474],[30.006581,59.836391],[30.007304,59.836337],[30.00822,59.83634],[30.00883,59.836375],[30.009207,59.83637],[30.009498,59.836345],[30.009937,59.836254],[30.010276,59.836181],[30.010815,59.836018],[30.011305,59.835942],[30.011674,59.835971],[30.012199,59.836116],[30.012507,59.836217],[30.012816,59.836223],[30.013007,59.836233],[30.013152,59.83625],[30.013333,59.836178],[30.013541,59.836],[30.013624,59.835788],[30.01372,59.83553],[30.013837,59.835367],[30.014264,59.835151],[30.014756,59.835074],[30.015368,59.835067],[30.015675,59.835233],[30.016034,59.835676],[30.016219,59.835964],[30.01648,59.836081],[30.016879,59.836208],[30.01711,59.836228],[30.017422,59.836196],[30.01781,59.836126],[30.01828,59.835974],[30.018589,59.835867],[30.018732,59.835769],[30.018752,59.835687],[30.018676,59.83558],[30.018451,59.835501],[30.018189,59.835433],[30.017896,59.835338],[30.017714,59.835232],[30.017634,59.835095],[30.017673,59.834967],[30.017806,59.834881],[30.018081,59.834789],[30.018447,59.834747],[30.018826,59.834787],[30.019012,59.834792],[30.020272,59.833222],[30.02773,59.83664],[30.02829,59.836228],[30.030658,59.837391],[30.03079,59.83752],[30.044246,59.837299],[30.044432,59.837154],[30.044466,59.836819],[30.04408,59.836474],[30.043887,59.836162],[30.043565,59.836081],[30.043447,59.835903],[30.043279,59.835513],[30.042958,59.835248],[30.042831,59.835096],[30.042877,59.834971],[30.042684,59.834712],[30.042267,59.834566],[30.041795,59.834408],[30.041602,59.834081],[30.041685,59.833821],[30.041934,59.833633],[30.041976,59.833417],[30.042289,59.833407],[30.042503,59.833374],[30.042621,59.833272],[30.042514,59.833159],[30.042192,59.833089],[30.042031,59.832878],[30.042042,59.832733],[30.042331,59.832614],[30.042428,59.832555],[30.042342,59.832436],[30.042224,59.832393],[30.041891,59.832442],[30.041763,59.832436],[30.041613,59.832134],[30.040314,59.832],[30.040389,59.831849],[30.040454,59.831735],[30.040153,59.83166],[30.040043,59.831596],[30.040019,59.831555],[30.040041,59.831508],[30.04014,59.831456],[30.040416,59.831252],[30.040357,59.830916],[30.040186,59.830835],[30.040164,59.830695],[30.040111,59.830619],[30.039907,59.830635],[30.039596,59.830727],[30.039574,59.830819],[30.039392,59.830835],[30.038909,59.830689],[30.039027,59.830414],[30.038748,59.83029],[30.038888,59.830166],[30.038716,59.829988],[30.038823,59.829929],[30.039102,59.82994],[30.039188,59.829708],[30.039048,59.829492],[30.039059,59.829438],[30.038963,59.829147],[30.03877,59.829039],[30.038523,59.829039],[30.038426,59.828948],[30.038544,59.828818],[30.038877,59.828721],[30.038963,59.828527],[30.038952,59.828236],[30.038898,59.828015],[30.039134,59.827805],[30.039188,59.8276],[30.039456,59.827465],[30.03937,59.827201],[30.039327,59.826953],[30.039381,59.826834],[30.039081,59.826715],[30.039177,59.826645],[30.039542,59.826467],[30.03952,59.826268],[30.039778,59.826117],[30.039939,59.825966],[30.040293,59.825809],[30.040003,59.825626],[30.040379,59.825529],[30.040679,59.825313],[30.040741,59.825101],[30.040596,59.825043],[30.040413,59.825008],[30.040367,59.824963],[30.040463,59.824902],[30.040717,59.82495],[30.040796,59.824891],[30.040819,59.824833],[30.040754,59.824504],[30.040851,59.824461],[30.040797,59.824332],[30.040679,59.824246],[30.040486,59.824251],[30.040336,59.824262],[30.040347,59.824229],[30.040282,59.824154],[30.040175,59.824154],[30.040175,59.824256],[30.039939,59.824289],[30.039842,59.824262],[30.039917,59.824202],[30.039928,59.824143],[30.039746,59.824105],[30.039617,59.824132],[30.039435,59.824121],[30.039435,59.824051],[30.039617,59.82397],[30.039638,59.823879],[30.039349,59.823658],[30.039199,59.823598],[30.038759,59.823571],[30.038705,59.823469],[30.03893,59.823399],[30.038802,59.823302],[30.038898,59.823102],[30.038608,59.823027],[30.038362,59.822903],[30.038262,59.822776],[30.038376,59.82268],[30.038598,59.82266],[30.038873,59.822586],[30.03889,59.822494],[30.038866,59.822401],[30.03877,59.822266],[30.038705,59.822115],[30.038834,59.822018],[30.03863,59.821916],[30.038587,59.821802],[30.038641,59.821716],[30.038834,59.821689],[30.039209,59.821748],[30.039499,59.821689],[30.039993,59.821668],[30.040196,59.82157],[30.04055,59.821317],[30.040786,59.821263],[30.04119,59.821239],[30.041359,59.821188],[30.041555,59.821037],[30.041956,59.820691],[30.042299,59.820357],[30.042813,59.819964],[30.043705,59.819839],[30.044284,59.819715],[30.044863,59.819553],[30.045432,59.819413],[30.04562,59.819241],[30.045657,59.818599],[30.046226,59.818367],[30.046569,59.818199],[30.046966,59.817736],[30.047202,59.817687],[30.049187,59.817347],[30.049756,59.817234],[30.049912,59.817144],[30.050614,59.817084],[30.051257,59.817032],[30.052458,59.816931],[30.052637,59.816897],[30.05281,59.816842],[30.053137,59.816847],[30.053251,59.816877],[30.053618,59.816873],[30.053861,59.816857],[30.054204,59.816831],[30.054367,59.816855],[30.054602,59.816938],[30.054837,59.817056],[30.055068,59.81711],[30.055367,59.817156],[30.055813,59.817176],[30.056155,59.817231],[30.056539,59.817325],[30.057109,59.81743],[30.057284,59.81745],[30.057498,59.817466],[30.057769,59.817463],[30.057956,59.817428],[30.05816,59.817369],[30.058318,59.817298],[30.058437,59.817218],[30.058686,59.817082],[30.058903,59.817008],[30.059359,59.816888],[30.059828,59.81681],[30.062946,59.816194],[30.063665,59.816088],[30.065136,59.816029],[30.065603,59.815985],[30.066113,59.815845],[30.066485,59.815669],[30.066688,59.815615],[30.067068,59.815599],[30.067704,59.815684],[30.068505,59.815801],[30.069309,59.815826],[30.070189,59.815796],[30.073097,59.815615],[30.07471,59.815214],[30.075289,59.815234]]],[[[30.044555,59.863586],[30.044637,59.8635],[30.044766,59.863486],[30.044903,59.8635],[30.044957,59.86358],[30.04496,59.86386],[30.044984,59.863933],[30.045061,59.863976],[30.04515,59.864005],[30.04675,59.863844],[30.046828,59.863816],[30.046935,59.863822],[30.047,59.863859],[30.047001,59.863911],[30.046941,59.863946],[30.046863,59.863965],[30.046778,59.863953],[30.045031,59.864154],[30.045136,59.864864],[30.045067,59.864911],[30.044971,59.864918],[30.044882,59.864902],[30.044783,59.864858],[30.044689,59.863914],[30.044555,59.863586]]]]}},{"type":"Feature","properties":{"id":"primorsky","name":"Приморский район","osm_relation_id":1115367},"geometry":{"type":"Polygon","coordinates":[[[30.226519,59.978922],[30.231279,59.979467],[30.236999,59.981163],[30.245859,59.982028],[30.252968,59.982402],[30.253714,59.982417],[30.260547,59.982573],[30.264134,59.982541],[30.266482,59.982317],[30.268574,59.9819],[30.273207,59.981345],[30.277349,59.981537],[30.283732,59.982349],[30.29035,59.982776],[30.299509,59.982551],[30.306297,59.981398],[30.314764,59.979901],[30.320216,59.979112],[30.321754,59.978468],[30.323613,59.979411],[30.32411,59.979658],[30.331151,59.982772],[30.331085,59.982809],[30.330726,59.983034],[30.329861,59.983516],[30.329612,59.984183],[30.330146,59.984836],[30.330318,59.985067],[30.330709,59.984984],[30.33073,59.985009],[30.330779,59.98511],[30.330777,59.985207],[30.330147,59.986579],[30.328563,59.989991],[30.328506,59.9901],[30.327663,59.99189],[30.327587,59.992044],[30.327342,59.992567],[30.327271,59.992703],[30.327185,59.992837],[30.327031,59.993034],[30.326973,59.993098],[30.326596,59.993489],[30.326357,59.993691],[30.32812,59.994126],[30.328483,59.994222],[30.328245,59.994349],[30.328129,59.994386],[30.327817,59.994527],[30.327607,59.994538],[30.32732,59.99443],[30.327185,59.99452],[30.327029,59.994467],[30.326655,59.994852],[30.326381,59.995144],[30.325218,59.994779],[30.324454,59.995412],[30.325609,59.995752],[30.325838,59.995828],[30.32462,59.996906],[30.324607,59.996964],[30.324675,59.99702],[30.32437,59.997251],[30.323671,59.998022],[30.323443,59.998228],[30.323162,59.998519],[30.323548,59.998647],[30.322671,60.000189],[30.322222,60.001044],[30.32216,60.001168],[30.321942,60.001223],[30.321765,60.001503],[30.321666,60.00167],[30.321265,60.002569],[30.321041,60.003008],[30.320578,60.003875],[30.320522,60.00391],[30.320291,60.004336],[30.319702,60.005463],[30.319661,60.005588],[30.31898,60.006881],[30.318479,60.007732],[30.318258,60.008098],[30.318302,60.008177],[30.316386,60.011617],[30.315329,60.013543],[30.314277,60.015521],[30.313754,60.016503],[30.313689,60.016633],[30.313316,60.017308],[30.313202,60.017518],[30.313115,60.017699],[30.313082,60.017692],[30.312721,60.017644],[30.312574,60.017925],[30.312447,60.018156],[30.312301,60.018413],[30.31228,60.018456],[30.312135,60.018712],[30.312118,60.018766],[30.312024,60.018947],[30.311984,60.01899],[30.311844,60.019266],[30.312067,60.019297],[30.312233,60.019317],[30.312121,60.019522],[30.312214,60.019535],[30.309346,60.024787],[30.309003,60.025443],[30.308816,60.025587],[30.308606,60.026087],[30.306693,60.029581],[30.306572,60.029591],[30.305663,60.031381],[30.305619,60.031471],[30.30467,60.033107],[30.302951,60.036266],[30.302765,60.036648],[30.302727,60.036742],[30.30274,60.036839],[30.302422,60.037405],[30.302309,60.037786],[30.301974,60.038396],[30.301627,60.039006],[30.300543,60.041009],[30.30016,60.041736],[30.300071,60.041872],[30.299897,60.042047],[30.299834,60.042154],[30.299772,60.042172],[30.299513,60.042583],[30.299476,60.042874],[30.299353,60.043252],[30.298543,60.044689],[30.298213,60.044636],[30.297857,60.045206],[30.297819,60.045258],[30.297733,60.045251],[30.297404,60.04588],[30.297456,60.045887],[30.297184,60.046381],[30.297003,60.046666],[30.296711,60.0472],[30.296578,60.047488],[30.29653,60.047524],[30.296376,60.047869],[30.296181,60.048374],[30.296138,60.048595],[30.29611,60.048669],[30.295978,60.048972],[30.295806,60.049377],[30.295648,60.049682],[30.29494,60.050837],[30.294682,60.051243],[30.29444,60.051562],[30.294025,60.052095],[30.293789,60.052365],[30.293582,60.052576],[30.293417,60.05274],[30.293223,60.052894],[30.292744,60.053201],[30.292864,60.053289],[30.29249,60.053577],[30.291823,60.054119],[30.291584,60.054319],[30.291213,60.054624],[30.29102,60.054737],[30.290352,60.055308],[30.290138,60.055481],[30.289612,60.055941],[30.289129,60.056413],[30.288019,60.057327],[30.287883,60.057441],[30.284768,60.05996],[30.281068,60.062909],[30.279432,60.064238],[30.274003,60.068612],[30.272983,60.068288],[30.272562,60.068144],[30.272435,60.068105],[30.27038,60.067461],[30.268397,60.066791],[30.266355,60.066089],[30.261913,60.064596],[30.258252,60.063357],[30.252105,60.061259],[30.251136,60.060939],[30.250513,60.060728],[30.249116,60.060259],[30.241171,60.057574],[30.236172,60.055882],[30.231867,60.054421],[30.229701,60.053701],[30.22738,60.052942],[30.225942,60.052396],[30.225285,60.05217],[30.222784,60.051321],[30.214113,60.061273],[30.210194,60.060371],[30.202225,60.062125],[30.195843,60.060471],[30.194561,60.061994],[30.194339,60.062261],[30.195077,60.062421],[30.193318,60.0639],[30.13409,60.048736],[30.134096,60.048624],[30.13409,60.048534],[30.133975,60.048139],[30.133846,60.04807],[30.133847,60.048026],[30.1338,60.047957],[30.13372,60.047929],[30.133645,60.047795],[30.133583,60.047762],[30.133525,60.047611],[30.133581,60.047564],[30.133528,60.047412],[30.133624,60.047151],[30.134054,60.046843],[30.134698,60.046695],[30.135393,60.046612],[30.135711,60.046672],[30.135969,60.046634],[30.136165,60.046617],[30.136397,60.046505],[30.136431,60.046356],[30.136818,60.046272],[30.137159,60.046264],[30.137992,60.046301],[30.138522,60.046265],[30.139099,60.046298],[30.139384,60.046238],[30.139523,60.046138],[30.140022,60.046044],[30.140453,60.045893],[30.140891,60.045773],[30.141254,60.045691],[30.141824,60.045444],[30.142098,60.045154],[30.142114,60.044963],[30.14187,60.044665],[30.141481,60.044384],[30.14067,60.043993],[30.139856,60.043775],[30.139414,60.043568],[30.139068,60.043329],[30.138783,60.042962],[30.138386,60.042445],[30.138246,60.042136],[30.138223,60.042058],[30.138235,60.041933],[30.138276,60.041837],[30.138316,60.041682],[30.138379,60.041544],[30.138457,60.041454],[30.138482,60.041392],[30.138612,60.041191],[30.138738,60.041058],[30.13876,60.040986],[30.13891,60.040769],[30.138996,60.040651],[30.139154,60.040522],[30.139291,60.040454],[30.139484,60.040398],[30.140924,60.040022],[30.141098,60.039978],[30.141254,60.039929],[30.141363,60.039871],[30.141426,60.039804],[30.141507,60.039672],[30.141592,60.039353],[30.141647,60.03928],[30.141785,60.03918],[30.142182,60.039001],[30.142421,60.038877],[30.142829,60.038594],[30.143052,60.038369],[30.143059,60.038203],[30.14302,60.038005],[30.142775,60.037658],[30.142598,60.037263],[30.142649,60.037101],[30.14325,60.036805],[30.14386,60.036645],[30.144133,60.036524],[30.144248,60.036453],[30.144466,60.036182],[30.144688,60.036033],[30.145042,60.035983],[30.145876,60.035979],[30.146292,60.035902],[30.146187,60.034715],[30.133604,60.034222],[30.121293,60.033639],[30.119939,60.033581],[30.079104,60.027174],[30.079982,60.016786],[30.080614,60.016491],[30.080343,60.01388],[30.080324,60.013517],[30.080086,60.00898],[30.079999,60.007576],[30.079725,60.005277],[30.079628,60.004762],[30.079315,60.00421],[30.078898,60.003792],[30.078329,60.003412],[30.077621,60.003087],[30.07659,60.00277],[30.075445,60.002585],[30.074312,60.002527],[30.073153,60.002589],[30.072014,60.002692],[30.071932,60.002701],[30.071679,60.002643],[30.070553,60.002794],[30.070005,60.002871],[30.067404,60.003253],[30.065666,60.00352],[30.063646,60.003816],[30.059529,60.004432],[30.054029,60.004905],[30.051428,60.005316],[30.047067,60.006059],[30.045963,60.006267],[30.045186,60.006403],[30.044357,60.006552],[30.042441,60.006908],[30.042476,60.006963],[30.046447,60.010824],[30.031204,60.014784],[30.027851,60.015637],[30.025913,60.016132],[30.027462,60.017684],[30.025374,60.018188],[30.024721,60.018348],[30.022178,60.018969],[30.021146,60.018016],[30.020785,60.0177],[30.020566,60.017504],[30.011439,60.019803],[30.011209,60.019863],[30.010752,60.019853],[30.010108,60.021059],[30.009936,60.021039],[30.009804,60.021282],[30.009576,60.021678],[30.009447,60.021912],[30.008605,60.022789],[30.006666,60.024541],[30.004938,60.025644],[30.004375,60.025954],[30.003068,60.026566],[30.001298,60.027294],[29.99521,60.029657],[29.989028,60.031973],[29.986678,60.03289],[29.985226,60.033456],[29.984554,60.033636],[29.981687,60.034761],[29.980062,60.035658],[29.978547,60.036966],[29.978183,60.037392],[29.97804,60.037699],[29.977145,60.040295],[29.976965,60.040278],[29.975723,60.043481],[29.975561,60.044028],[29.975482,60.044023],[29.975476,60.044039],[29.975179,60.044015],[29.974853,60.043999],[29.974726,60.043998],[29.974564,60.04398],[29.972662,60.043536],[29.972439,60.043514],[29.972312,60.043481],[29.972177,60.043412],[29.971861,60.043374],[29.971391,60.043378],[29.970925,60.043351],[29.970228,60.043518],[29.970045,60.043609],[29.969617,60.043897],[29.969095,60.044034],[29.968417,60.043942],[29.968355,60.044021],[29.968003,60.04403],[29.967674,60.044201],[29.967446,60.044222],[29.967451,60.044105],[29.967364,60.044085],[29.967098,60.04422],[29.96684,60.044341],[29.966692,60.044387],[29.96674,60.044493],[29.966585,60.044552],[29.966583,60.044779],[29.966225,60.044719],[29.96597,60.044786],[29.965756,60.044785],[29.96561,60.044813],[29.965486,60.044811],[29.965484,60.043479],[29.965257,60.043003],[29.964955,60.042662],[29.964569,60.042403],[29.96286,60.04118],[29.961627,60.040172],[29.960062,60.039076],[29.958638,60.038027],[29.957112,60.037984],[29.955626,60.037856],[29.955568,60.037871],[29.955319,60.037852],[29.955265,60.037821],[29.955277,60.037461],[29.955432,60.037055],[29.956667,60.035198],[29.95674,60.035137],[29.956817,60.035105],[29.956923,60.035083],[29.957042,60.035076],[29.957204,60.035092],[29.963841,60.035677],[29.966418,60.029691],[29.96669,60.028805],[29.966208,60.028668],[29.9661,60.028621],[29.966055,60.028569],[29.96594,60.02853],[29.965789,60.028508],[29.965674,60.028513],[29.965612,60.0285],[29.965602,60.028421],[29.965628,60.028374],[29.965687,60.028327],[29.965779,60.028301],[29.965875,60.028302],[29.966245,60.028378],[29.966449,60.028467],[29.966546,60.028517],[29.96665,60.028546],[29.966717,60.028556],[29.966833,60.028558],[29.967073,60.02798],[29.966799,60.027907],[29.966758,60.027875],[29.966822,60.027746],[29.966872,60.027667],[29.96689,60.027596],[29.966837,60.027541],[29.966845,60.027513],[29.96698,60.027458],[29.967012,60.02743],[29.967071,60.027304],[29.967321,60.027284],[29.967369,60.027273],[29.968075,60.025611],[29.96791,60.025503],[29.967729,60.025492],[29.967334,60.025483],[29.967195,60.025463],[29.967063,60.025418],[29.966827,60.025308],[29.966514,60.025234],[29.966377,60.025189],[29.966422,60.025141],[29.966396,60.025118],[29.966145,60.025115],[29.966007,60.025132],[29.965909,60.025106],[29.965734,60.025085],[29.965581,60.025106],[29.965414,60.025089],[29.965266,60.025089],[29.965107,60.025101],[29.965005,60.025081],[29.964923,60.02502],[29.964873,60.024971],[29.964793,60.024937],[29.964554,60.0249],[29.964145,60.024871],[29.962965,60.024768],[29.962498,60.024683],[29.962258,60.024669],[29.962187,60.024671],[29.962121,60.024697],[29.961892,60.024908],[29.961699,60.025139],[29.961597,60.025412],[29.961584,60.025576],[29.961546,60.025675],[29.961487,60.025959],[29.961106,60.026925],[29.961098,60.027011],[29.961138,60.027153],[29.961138,60.027223],[29.960992,60.027291],[29.960972,60.027317],[29.961012,60.027345],[29.961078,60.027343],[29.961145,60.027316],[29.961236,60.027308],[29.961332,60.027329],[29.961538,60.027454],[29.961542,60.027503],[29.96149,60.027551],[29.961499,60.027597],[29.96169,60.027649],[29.962226,60.027791],[29.962272,60.027809],[29.962253,60.02784],[29.962018,60.02785],[29.961779,60.027832],[29.961549,60.027844],[29.961315,60.027816],[29.961036,60.027804],[29.960916,60.027831],[29.960189,60.028806],[29.958535,60.032481],[29.958729,60.032559],[29.958665,60.032868],[29.959015,60.032996],[29.960234,60.033071],[29.961165,60.033064],[29.962171,60.033087],[29.962627,60.033027],[29.963163,60.033087],[29.96348,60.033094],[29.963525,60.033114],[29.963517,60.033291],[29.963169,60.033487],[29.963,60.033464],[29.962938,60.033415],[29.962748,60.033371],[29.962198,60.033315],[29.96013,60.033237],[29.959709,60.03326],[29.959312,60.03324],[29.958899,60.033215],[29.958435,60.033256],[29.958219,60.033372],[29.958132,60.033401],[29.957877,60.033395],[29.957689,60.033342],[29.957652,60.033278],[29.95773,60.032729],[29.957833,60.032511],[29.958425,60.031362],[29.958845,60.030204],[29.959137,60.029437],[29.959996,60.027623],[29.9603,60.02689],[29.960828,60.026006],[29.9613,60.024831],[29.961618,60.024051],[29.96221,60.022473],[29.96251,60.021765],[29.96237,60.02147],[29.962387,60.021397],[29.962745,60.021308],[29.963265,60.02129],[29.96388,60.02118],[29.96386,60.02092],[29.963217,60.021072],[29.962474,60.021138],[29.962227,60.021019],[29.962674,60.020418],[29.962639,60.019145],[29.962697,60.018784],[29.962837,60.018623],[29.963077,60.018514],[29.963678,60.018317],[29.96565,60.01819],[29.96667,60.01817],[29.967643,60.018107],[29.968278,60.018098],[29.96764,60.01751],[29.96663,60.01766],[29.96612,60.01767],[29.96507,60.01744],[29.96481,60.01732],[29.96451,60.01681],[29.96348,60.01671],[29.963188,60.016552],[29.962501,60.016501],[29.962243,60.016016],[29.96323,60.01566],[29.96432,60.015471],[29.965033,60.015188],[29.96366,60.014815],[29.96293,60.014622],[29.96247,60.01404],[29.96246,60.01379],[29.962827,60.013648],[29.963368,60.013442],[29.963603,60.013121],[29.963807,60.01282],[29.964244,60.012664],[29.964405,60.012521],[29.964542,60.01227],[29.964492,60.01225],[29.964365,60.012272],[29.964193,60.01225],[29.963979,60.01218],[29.963898,60.012073],[29.963872,60.011983],[29.963995,60.011946],[29.963936,60.011821],[29.963939,60.011697],[29.96403,60.011609],[29.96396,60.011462],[29.96396,60.011403],[29.964094,60.011379],[29.964429,60.011401],[29.9648,60.011376],[29.965162,60.011323],[29.965481,60.011165],[29.965545,60.01111],[29.965553,60.01103],[29.965512,60.010963],[29.96529,60.010829],[29.965115,60.010787],[29.964647,60.010557],[29.96447,60.010534],[29.964324,60.010414],[29.963492,60.010031],[29.963223,60.009928],[29.963026,60.009861],[29.962903,60.009828],[29.962612,60.00965],[29.962495,60.009601],[29.962477,60.009549],[29.962532,60.009538],[29.962568,60.009514],[29.962629,60.009508],[29.962745,60.009556],[29.963141,60.009687],[29.963527,60.009843],[29.963723,60.00994],[29.964064,60.010072],[29.964138,60.010086],[29.964311,60.010198],[29.964648,60.010359],[29.965227,60.010608],[29.965513,60.010724],[29.96559,60.010736],[29.965783,60.010834],[29.965953,60.010866],[29.966178,60.010959],[29.966288,60.010969],[29.966363,60.010944],[29.966532,60.01086],[29.966669,60.010764],[29.966787,60.010659],[29.966803,60.010586],[29.966953,60.010559],[29.967367,60.010636],[29.967678,60.010668],[29.968359,60.010692],[29.968749,60.01071],[29.96893,60.01069],[29.969067,60.010601],[29.969093,60.010517],[29.969209,60.010389],[29.969419,60.010311],[29.969681,60.010333],[29.969826,60.01043],[29.969951,60.010431],[29.97018,60.010388],[29.970754,60.010246],[29.970789,60.010152],[29.970934,60.010016],[29.971175,60.009878],[29.971183,60.009768],[29.971178,60.00972],[29.971342,60.009675],[29.971539,60.009663],[29.971754,60.009664],[29.972055,60.009604],[29.972286,60.009538],[29.972543,60.00955],[29.972787,60.009583],[29.973026,60.009578],[29.973702,60.009487],[29.974069,60.009354],[29.974273,60.009216],[29.974195,60.009117],[29.974157,60.008976],[29.974193,60.008842],[29.974362,60.008684],[29.974614,60.008674],[29.974863,60.008744],[29.975054,60.00876],[29.975386,60.008666],[29.975636,60.008617],[29.975692,60.008538],[29.976023,60.008481],[29.97618,60.008447],[29.976279,60.008441],[29.976345,60.00847],[29.976479,60.008516],[29.976625,60.00853],[29.976749,60.008573],[29.977672,60.008498],[29.977729,60.008426],[29.97732,60.008359],[29.977255,60.008308],[29.977487,60.008208],[29.979264,60.008007],[29.979839,60.007835],[29.980405,60.007972],[29.981195,60.007694],[29.982385,60.007408],[29.983649,60.007283],[29.984396,60.006835],[29.985066,60.006768],[29.985249,60.006602],[29.987049,60.006482],[29.987885,60.006418],[29.988535,60.006104],[29.989318,60.005872],[29.991043,60.005405],[29.991366,60.005275],[29.991867,60.005277],[29.99291,60.004968],[29.993217,60.004784],[29.993526,60.00464],[29.993725,60.004585],[29.994021,60.004584],[29.994273,60.004467],[29.994335,60.004392],[29.994463,60.004328],[29.99466,60.004203],[29.994712,60.004143],[29.994802,60.004071],[29.995391,60.003887],[29.99559,60.003872],[29.99589,60.003756],[29.995909,60.003652],[29.996291,60.003537],[29.996601,60.003525],[29.996753,60.003524],[29.996845,60.003489],[29.997383,60.003253],[29.997522,60.003124],[29.997753,60.003085],[29.998472,60.003058],[29.998768,60.003129],[29.998829,60.003187],[29.999279,60.003085],[29.999493,60.003149],[29.9997,60.003133],[29.999783,60.003134],[29.999877,60.003106],[30.000035,60.002968],[30.000973,60.002786],[30.00103,60.002709],[30.001477,60.002706],[30.001673,60.002517],[30.001984,60.002515],[30.002397,60.002398],[30.002895,60.002391],[30.003586,60.002229],[30.004279,60.001979],[30.005031,60.001689],[30.005263,60.001593],[30.005277,60.00154],[30.005271,60.001424],[30.005314,60.001348],[30.005581,60.001221],[30.005858,60.001106],[30.006132,60.000822],[30.006262,60.000548],[30.006471,60.00027],[30.006436,60.000169],[30.005503,59.999757],[30.005108,59.999654],[30.004977,59.99934],[30.005104,59.998936],[30.005464,59.998766],[30.005841,59.998715],[30.006291,59.998527],[30.007147,59.998538],[30.008166,59.998949],[30.008692,59.998824],[30.010606,59.998806],[30.011679,59.998493],[30.011507,59.998279],[30.011662,59.998],[30.012177,59.99757],[30.012898,59.997184],[30.012297,59.996549],[30.012712,59.995464],[30.011338,59.995161],[30.010164,59.99457],[30.009856,59.994325],[30.009812,59.994082],[30.009765,59.993862],[30.010056,59.993605],[30.010074,59.993289],[30.010213,59.993154],[30.010637,59.993052],[30.010909,59.992929],[30.011097,59.992765],[30.011388,59.992704],[30.011841,59.992747],[30.012357,59.992763],[30.013046,59.992659],[30.013389,59.99278],[30.013636,59.993167],[30.013929,59.993764],[30.0146,59.99391],[30.015191,59.994105],[30.015842,59.994145],[30.016031,59.994201],[30.016417,59.99403],[30.017146,59.994008],[30.017103,59.993549],[30.01761,59.9932],[30.0187,59.993137],[30.019876,59.993248],[30.020108,59.993407],[30.019962,59.993523],[30.018957,59.993815],[30.01815,59.99358],[30.01843,59.99382],[30.018219,59.994309],[30.016683,59.994961],[30.016254,59.995231],[30.016631,59.995467],[30.016545,59.995605],[30.015138,59.996935],[30.014032,59.997641],[30.013924,59.997768],[30.013769,59.997901],[30.013133,59.998539],[30.013095,59.998684],[30.013087,59.998792],[30.013128,59.998948],[30.01318,59.999063],[30.013272,59.999206],[30.013401,59.999437],[30.013419,59.999565],[30.013482,59.999733],[30.01353,59.99984],[30.013687,60.000222],[30.013842,60.000261],[30.013993,60.000215],[30.01407,60.000184],[30.014095,60.000154],[30.014072,60.000095],[30.014025,60.000046],[30.013976,59.999939],[30.013868,59.999751],[30.013837,59.999664],[30.013755,59.999542],[30.013686,59.999417],[30.013531,59.999116],[30.013486,59.998924],[30.013474,59.99879],[30.013495,59.998727],[30.013478,59.998668],[30.01355,59.99847],[30.013618,59.998424],[30.01366,59.998453],[30.013633,59.998691],[30.013644,59.998789],[30.013635,59.998919],[30.0137,59.99911],[30.013859,59.999416],[30.01397,59.999581],[30.014061,59.9998],[30.01412,59.999916],[30.014202,60.00002],[30.014244,60.000033],[30.014322,60.000015],[30.014482,60.000005],[30.014523,60.000014],[30.014809,59.999982],[30.015551,59.99976],[30.015495,59.999705],[30.015961,59.99962],[30.016081,59.999637],[30.016062,59.999598],[30.015945,59.999418],[30.015881,59.999378],[30.01581,59.99936],[30.015743,59.999362],[30.015303,59.999421],[30.015115,59.999456],[30.015021,59.999464],[30.014856,59.9995],[30.014648,59.999566],[30.014595,59.999555],[30.014394,59.999392],[30.014274,59.999381],[30.01417,59.999292],[30.014147,59.999212],[30.014083,59.999178],[30.013982,59.999005],[30.013966,59.998829],[30.013935,59.998665],[30.013936,59.99845],[30.013915,59.998421],[30.013871,59.998412],[30.013825,59.998331],[30.013833,59.998299],[30.013891,59.998289],[30.014005,59.998073],[30.014077,59.997967],[30.014146,59.997906],[30.014221,59.997807],[30.014429,59.997604],[30.014533,59.997528],[30.014615,59.997482],[30.014707,59.997418],[30.014913,59.997326],[30.015231,59.997175],[30.0154,59.997084],[30.015472,59.997016],[30.015653,59.996863],[30.015819,59.996718],[30.015939,59.99657],[30.015985,59.996491],[30.016165,59.996289],[30.016366,59.996125],[30.01642,59.996073],[30.016515,59.996001],[30.016518,59.995976],[30.016585,59.995944],[30.016739,59.995844],[30.016855,59.995738],[30.016916,59.995639],[30.016969,59.995603],[30.01703,59.995531],[30.017329,59.995272],[30.017532,59.995121],[30.017748,59.994987],[30.017969,59.994863],[30.018169,59.994714],[30.018234,59.994674],[30.018374,59.994607],[30.018471,59.994551],[30.018752,59.994408],[30.018936,59.994339],[30.019006,59.994279],[30.019078,59.994233],[30.019177,59.994204],[30.01925,59.994194],[30.019231,59.994217],[30.018878,59.994398],[30.018752,59.994474],[30.018587,59.994542],[30.018521,59.994593],[30.018426,59.99464],[30.018425,59.994662],[30.018385,59.994706],[30.018193,59.994816],[30.018074,59.994917],[30.018025,59.994944],[30.017893,59.995038],[30.017758,59.995113],[30.017686,59.995126],[30.017618,59.995157],[30.017433,59.995288],[30.01732,59.995429],[30.017191,59.995552],[30.016989,59.995754],[30.017015,59.995773],[30.017297,59.995816],[30.017773,59.995897],[30.018348,59.995888],[30.01888,59.99599],[30.019447,59.996004],[30.01966,59.9961],[30.019916,59.996258],[30.020233,59.996435],[30.020474,59.99669],[30.020855,59.996891],[30.021193,59.997004],[30.021579,59.997074],[30.021987,59.997151],[30.022422,59.997202],[30.023178,59.997173],[30.023623,59.997135],[30.02424,59.997154],[30.025189,59.997189],[30.026187,59.997216],[30.027137,59.997278],[30.027598,59.997296],[30.028655,59.997275],[30.029403,59.9973],[30.029857,59.997302],[30.030339,59.997291],[30.030924,59.997256],[30.03138,59.997175],[30.031681,59.997111],[30.032056,59.996982],[30.032351,59.996945],[30.032587,59.997023],[30.032737,59.997208],[30.032823,59.997468],[30.03293,59.997634],[30.033295,59.997822],[30.033617,59.997978],[30.034003,59.998066],[30.034406,59.998163],[30.034786,59.998203],[30.035055,59.998195],[30.035528,59.998161],[30.036008,59.998094],[30.036594,59.997995],[30.037167,59.997937],[30.037623,59.997886],[30.038453,59.997802],[30.039065,59.997721],[30.03948,59.997681],[30.039789,59.997622],[30.040188,59.997617],[30.040875,59.997582],[30.041535,59.99764],[30.042286,59.997768],[30.04338,59.998037],[30.044233,59.998318],[30.045011,59.998361],[30.045901,59.998265],[30.047044,59.998235],[30.048686,59.998131],[30.050429,59.998131],[30.050998,59.998163],[30.051561,59.998203],[30.052232,59.998249],[30.053616,59.998214],[30.055166,59.998045],[30.056325,59.997859],[30.057092,59.997725],[30.058191,59.997524],[30.058647,59.997414],[30.059012,59.997232],[30.060171,59.996714],[30.060831,59.996483],[30.061104,59.996446],[30.061544,59.996438],[30.062837,59.99651],[30.063406,59.996585],[30.063915,59.996687],[30.064478,59.996728],[30.065015,59.996789],[30.065605,59.996827],[30.066179,59.99684],[30.067182,59.996808],[30.068271,59.996703],[30.069451,59.996564],[30.071125,59.996322],[30.072965,59.996105],[30.074387,59.995837],[30.07532,59.995625],[30.076098,59.995483],[30.076752,59.995303],[30.077412,59.99514],[30.0779,59.995056],[30.078324,59.99493],[30.078834,59.994836],[30.079858,59.994673],[30.080314,59.994607],[30.080904,59.994549],[30.081435,59.9945],[30.082774,59.994368],[30.083589,59.994356],[30.084241,59.994465],[30.084928,59.99445],[30.085413,59.994443],[30.085748,59.994405],[30.086097,59.994368],[30.086368,59.994329],[30.086998,59.994296],[30.087441,59.994257],[30.087725,59.994214],[30.088034,59.994128],[30.088355,59.994121],[30.088718,59.994194],[30.089439,59.994209],[30.090233,59.994213],[30.090837,59.994164],[30.091435,59.994093],[30.09229,59.993897],[30.093599,59.993545],[30.094787,59.99309],[30.095007,59.992964],[30.095123,59.992812],[30.095217,59.992637],[30.095635,59.991998],[30.096038,59.991507],[30.096765,59.991431],[30.096942,59.991618],[30.096871,59.991805],[30.096924,59.991917],[30.097079,59.992079],[30.097216,59.992205],[30.097312,59.992343],[30.097447,59.99238],[30.09756,59.992394],[30.097743,59.992386],[30.097966,59.992309],[30.098182,59.992209],[30.098316,59.992018],[30.098309,59.991918],[30.098204,59.991807],[30.098272,59.991638],[30.098129,59.991531],[30.09826,59.991401],[30.098094,59.991317],[30.097797,59.991311],[30.097448,59.991371],[30.09744,59.991198],[30.097605,59.991164],[30.097932,59.991181],[30.098002,59.991159],[30.097982,59.990995],[30.097258,59.99072],[30.097024,59.990595],[30.097016,59.990557],[30.097147,59.99048],[30.097188,59.990476],[30.097896,59.990703],[30.098503,59.990955],[30.098718,59.990994],[30.098948,59.990978],[30.098842,59.990743],[30.09893,59.990607],[30.09922,59.990507],[30.099393,59.990496],[30.099499,59.990546],[30.099452,59.990596],[30.099718,59.990799],[30.099595,59.991099],[30.099857,59.991223],[30.100114,59.991267],[30.100569,59.991339],[30.100923,59.991366],[30.101232,59.991329],[30.101597,59.991185],[30.102722,59.990937],[30.103351,59.990631],[30.103913,59.990436],[30.104614,59.990282],[30.105435,59.98993],[30.105694,59.989881],[30.106293,59.989918],[30.106777,59.989873],[30.107089,59.989941],[30.107387,59.989963],[30.10761,59.989957],[30.108027,59.989873],[30.109497,59.989733],[30.110083,59.989726],[30.110146,59.989657],[30.110284,59.989598],[30.110635,59.989571],[30.111115,59.989548],[30.111707,59.989553],[30.112984,59.989596],[30.11363,59.989686],[30.114198,59.989824],[30.114469,59.989803],[30.114853,59.989857],[30.115222,59.989801],[30.115441,59.989748],[30.115706,59.989746],[30.115849,59.989694],[30.115934,59.989638],[30.116277,59.989626],[30.116748,59.989649],[30.11697,59.989674],[30.117254,59.989751],[30.117935,59.989864],[30.118512,59.989907],[30.119079,59.989922],[30.119665,59.989968],[30.120302,59.989904],[30.120987,59.98992],[30.121707,59.989791],[30.122297,59.989624],[30.124474,59.989206],[30.125075,59.989123],[30.125659,59.989015],[30.126728,59.988768],[30.127151,59.988645],[30.127816,59.988563],[30.127833,59.988438],[30.128021,59.988398],[30.128281,59.988398],[30.128317,59.988498],[30.128408,59.98853],[30.1291,59.988441],[30.129317,59.988483],[30.129471,59.988499],[30.129822,59.988419],[30.130038,59.988431],[30.13024,59.988534],[30.130406,59.988655],[30.131024,59.988806],[30.131586,59.98875],[30.131951,59.988626],[30.132387,59.988617],[30.132525,59.98855],[30.132702,59.988538],[30.13306,59.988633],[30.133238,59.988652],[30.133469,59.988659],[30.133697,59.988784],[30.134012,59.988804],[30.134453,59.988807],[30.134684,59.98877],[30.135226,59.988714],[30.136376,59.988622],[30.137373,59.988429],[30.137782,59.988376],[30.138312,59.988078],[30.138876,59.988034],[30.139558,59.988124],[30.140017,59.988101],[30.140113,59.988033],[30.140186,59.987966],[30.140435,59.987935],[30.140475,59.987965],[30.140469,59.988014],[30.140622,59.98802],[30.140695,59.988054],[30.140875,59.988033],[30.140864,59.987968],[30.14096,59.987933],[30.141314,59.987929],[30.141505,59.987968],[30.141871,59.988053],[30.142904,59.987995],[30.142873,59.987914],[30.142926,59.987894],[30.143034,59.987902],[30.14327,59.988],[30.143382,59.988102],[30.143609,59.98816],[30.14388,59.988187],[30.144511,59.988145],[30.144862,59.988255],[30.145182,59.988302],[30.145452,59.98831],[30.145832,59.988288],[30.146779,59.988236],[30.147783,59.988146],[30.148155,59.988034],[30.148644,59.988039],[30.149244,59.988089],[30.149526,59.988186],[30.156087,59.987757],[30.157865,59.987612],[30.159324,59.987437],[30.159696,59.987369],[30.160235,59.987248],[30.160616,59.987107],[30.161031,59.986951],[30.161522,59.986794],[30.161882,59.986629],[30.16215,59.986415],[30.162149,59.986324],[30.16212,59.986131],[30.16206,59.98613],[30.161955,59.985991],[30.160786,59.983506],[30.160775,59.983361],[30.16084,59.983291],[30.160925,59.98321],[30.161129,59.983114],[30.16615,59.982523],[30.166354,59.982515],[30.16655,59.982557],[30.166714,59.982624],[30.16685,59.982764],[30.167347,59.9838],[30.167477,59.983784],[30.167513,59.983898],[30.167502,59.983976],[30.167454,59.984043],[30.167344,59.984095],[30.167198,59.984114],[30.167086,59.984112],[30.166972,59.984089],[30.16685,59.984033],[30.166779,59.983967],[30.166306,59.982951],[30.162154,59.983452],[30.163226,59.985752],[30.165578,59.985473],[30.165371,59.985029],[30.166756,59.984868],[30.166682,59.984694],[30.166817,59.984695],[30.166935,59.98472],[30.167005,59.98477],[30.167246,59.985535],[30.167425,59.985517],[30.167786,59.985494],[30.167891,59.985516],[30.168087,59.985586],[30.168332,59.985629],[30.169078,59.985698],[30.169549,59.985437],[30.170013,59.985475],[30.170269,59.985477],[30.170354,59.985775],[30.171513,59.985872],[30.171632,59.985876],[30.179187,59.985851],[30.179411,59.985844],[30.17961,59.985819],[30.179747,59.985795],[30.180146,59.985695],[30.180336,59.985645],[30.180577,59.985602],[30.181179,59.985527],[30.181348,59.985528],[30.181437,59.985537],[30.181527,59.985557],[30.18167,59.985603],[30.181747,59.985647],[30.181796,59.985709],[30.181828,59.985773],[30.181825,59.985817],[30.181797,59.985862],[30.181798,59.985909],[30.181961,59.987633],[30.181987,59.987733],[30.182053,59.987876],[30.182132,59.988015],[30.182262,59.98815],[30.182417,59.988258],[30.182561,59.988344],[30.182596,59.988377],[30.182601,59.988451],[30.182517,59.988555],[30.182289,59.988826],[30.182378,59.988906],[30.182374,59.988949],[30.182268,59.988987],[30.182116,59.989014],[30.181982,59.989031],[30.181934,59.989015],[30.181764,59.989043],[30.181535,59.989057],[30.181267,59.989037],[30.181038,59.988994],[30.180855,59.988933],[30.180726,59.988871],[30.180746,59.988851],[30.180597,59.988806],[30.180457,59.98875],[30.180273,59.988632],[30.180247,59.98864],[30.180184,59.988599],[30.1801,59.988578],[30.179046,59.988577],[30.178971,59.98858],[30.178901,59.988594],[30.178845,59.988623],[30.178808,59.988677],[30.178801,59.989078],[30.178759,59.989102],[30.1788,59.989124],[30.178812,59.989164],[30.17904,59.989189],[30.179086,59.989155],[30.179164,59.989148],[30.180298,59.989266],[30.181583,59.98941],[30.183579,59.989651],[30.184189,59.989673],[30.184303,59.989602],[30.185165,59.98909],[30.185163,59.989032],[30.185045,59.989001],[30.185441,59.988452],[30.185452,59.988298],[30.185634,59.988156],[30.185723,59.987902],[30.186017,59.987559],[30.186183,59.987162],[30.186294,59.98706],[30.186363,59.986988],[30.184324,59.985977],[30.185506,59.985403],[30.185737,59.985324],[30.186036,59.985263],[30.186337,59.985243],[30.186737,59.985253],[30.187653,59.98539],[30.187755,59.985262],[30.188589,59.984147],[30.188866,59.983819],[30.188533,59.983628],[30.18833,59.983621],[30.188088,59.98359],[30.187908,59.983522],[30.18782,59.983443],[30.187788,59.98331],[30.187842,59.983242],[30.187988,59.983134],[30.188145,59.983053],[30.18839,59.98297],[30.18845,59.98289],[30.188583,59.982839],[30.188757,59.982814],[30.188949,59.982804],[30.189163,59.982803],[30.189531,59.982779],[30.189678,59.982735],[30.189874,59.98252],[30.190061,59.982351],[30.190376,59.982253],[30.190554,59.982238],[30.190782,59.982272],[30.191172,59.982211],[30.191503,59.982184],[30.192161,59.982152],[30.192498,59.982065],[30.192745,59.981936],[30.192821,59.98181],[30.192704,59.981621],[30.192621,59.981399],[30.192639,59.98128],[30.192701,59.981133],[30.192522,59.981079],[30.192377,59.980983],[30.192341,59.980862],[30.192381,59.980735],[30.192485,59.980624],[30.19267,59.980528],[30.192922,59.980503],[30.193214,59.980524],[30.193422,59.980589],[30.193555,59.98069],[30.193579,59.980815],[30.193524,59.980933],[30.193404,59.981059],[30.193249,59.981121],[30.19307,59.981147],[30.192826,59.981144],[30.1928,59.981391],[30.192867,59.981616],[30.192974,59.981755],[30.19315,59.981808],[30.193516,59.981848],[30.193873,59.981956],[30.194303,59.981994],[30.194777,59.981992],[30.195209,59.98193],[30.195966,59.981772],[30.196924,59.981546],[30.198229,59.981251],[30.19897,59.981063],[30.199626,59.980878],[30.200587,59.980579],[30.201754,59.980178],[30.202237,59.979985],[30.202634,59.979842],[30.20323,59.979665],[30.203657,59.979605],[30.203967,59.979482],[30.204082,59.979418],[30.204143,59.979318],[30.204071,59.979211],[30.203983,59.979185],[30.203815,59.979169],[30.203598,59.97912],[30.203374,59.978991],[30.203285,59.978895],[30.203282,59.978783],[30.203384,59.978675],[30.203534,59.978587],[30.203721,59.978532],[30.203996,59.978509],[30.204287,59.978544],[30.204536,59.978658],[30.204631,59.978809],[30.204624,59.97896],[30.204488,59.979086],[30.204365,59.979127],[30.204347,59.979161],[30.204409,59.97926],[30.204492,59.9793],[30.20465,59.979363],[30.205185,59.979468],[30.205727,59.979463],[30.206306,59.979401],[30.2067,59.979383],[30.207537,59.979363],[30.207785,59.979378],[30.208028,59.97936],[30.208681,59.979435],[30.209001,59.979485],[30.209252,59.979548],[30.209498,59.979585],[30.210369,59.97977],[30.210481,59.97979],[30.210631,59.979809],[30.210754,59.979851],[30.211225,59.979971],[30.211761,59.980018],[30.212171,59.980098],[30.21229,59.980132],[30.212684,59.980171],[30.212964,59.980211],[30.21324,59.980291],[30.213432,59.980402],[30.213642,59.980512],[30.213867,59.980535],[30.214041,59.980575],[30.214279,59.980659],[30.214532,59.980686],[30.214719,59.980752],[30.214891,59.980848],[30.214959,59.980967],[30.215187,59.981012],[30.21553,59.981182],[30.215567,59.981223],[30.215565,59.981257],[30.215465,59.981312],[30.215385,59.981305],[30.215334,59.981283],[30.214822,59.981137],[30.214741,59.981127],[30.214654,59.981131],[30.214551,59.981199],[30.214543,59.981238],[30.214568,59.981272],[30.214677,59.981301],[30.215291,59.981336],[30.216334,59.981393],[30.216424,59.981409],[30.21647,59.98144],[30.216592,59.98156],[30.216691,59.981606],[30.216774,59.981701],[30.216892,59.981783],[30.216905,59.981899],[30.216944,59.981931],[30.217013,59.981944],[30.21706,59.981935],[30.217115,59.981871],[30.217213,59.981819],[30.217268,59.981727],[30.217486,59.981645],[30.217739,59.981584],[30.218073,59.981491],[30.218335,59.981459],[30.218467,59.981455],[30.21861,59.981437],[30.218867,59.981335],[30.218984,59.981375],[30.218994,59.98143],[30.219254,59.981621],[30.219152,59.981725],[30.219085,59.981808],[30.219034,59.981895],[30.219102,59.981964],[30.219316,59.982038],[30.219491,59.982058],[30.22065,59.981846],[30.220955,59.981842],[30.22128,59.981859],[30.221781,59.982024],[30.221931,59.982151],[30.221978,59.982342],[30.22192,59.982478],[30.221963,59.982653],[30.222079,59.982791],[30.222198,59.982865],[30.222359,59.9829],[30.22275,59.982892],[30.223026,59.982855],[30.223202,59.98282],[30.223292,59.982553],[30.223251,59.98212],[30.223257,59.981966],[30.223202,59.981882],[30.223179,59.981808],[30.223233,59.981678],[30.223337,59.981564],[30.22346,59.981509],[30.223639,59.981474],[30.2239,59.981462],[30.224703,59.98151],[30.224918,59.981518],[30.225105,59.981508],[30.225159,59.981471],[30.225498,59.981101],[30.225704,59.980815],[30.22596,59.980399],[30.226071,59.980229],[30.226257,59.980116],[30.226483,59.980089],[30.226519,59.978922]]]}},{"type":"Feature","properties":{"id":"pushkinsky","name":"Пушкинский район","osm_relation_id":338635},"geometry":{"type":"Polygon","coordinates":[[[30.576345,59.730006],[30.575904,59.730176],[30.570331,59.730674],[30.569637,59.730797],[30.569156,59.73091],[30.567336,59.731428],[30.558274,59.735677],[30.557863,59.736139],[30.5566,59.736265],[30.555472,59.736719],[30.555644,59.736839],[30.555993,59.737395],[30.556042,59.737502],[30.555935,59.737923],[30.555924,59.738261],[30.555645,59.738626],[30.555506,59.739032],[30.55557,59.739594],[30.555398,59.739773],[30.555366,59.739967],[30.555688,59.740113],[30.555624,59.740448],[30.556257,59.741151],[30.55645,59.741157],[30.557297,59.741292],[30.55719,59.741659],[30.557276,59.741827],[30.557405,59.74194],[30.556868,59.742011],[30.556761,59.742065],[30.557136,59.742357],[30.557351,59.742422],[30.557566,59.742497],[30.557587,59.742601],[30.557555,59.742686],[30.557276,59.742797],[30.557201,59.742943],[30.557351,59.743149],[30.557705,59.743484],[30.558173,59.743678],[30.558242,59.743733],[30.558274,59.743783],[30.558274,59.7439],[30.558081,59.744262],[30.557641,59.744733],[30.557598,59.7451],[30.557641,59.745944],[30.557592,59.747081],[30.557351,59.747919],[30.557233,59.748306],[30.556832,59.749021],[30.556777,59.749118],[30.556638,59.749492],[30.551209,59.749248],[30.548478,59.74912],[30.52307,59.747929],[30.524143,59.753388],[30.521182,59.753734],[30.514595,59.75569],[30.514208,59.755993],[30.513264,59.756101],[30.512749,59.756501],[30.512041,59.75649],[30.511505,59.756771],[30.510213,59.756863],[30.510323,59.756975],[30.510358,59.75709],[30.51034,59.757197],[30.510249,59.757268],[30.509977,59.757332],[30.509698,59.757359],[30.509439,59.757419],[30.508934,59.75768],[30.508679,59.757858],[30.508521,59.758014],[30.508396,59.758115],[30.508215,59.758206],[30.508146,59.758334],[30.508197,59.758454],[30.508374,59.758554],[30.508483,59.758675],[30.508551,59.758792],[30.508554,59.758921],[30.508585,59.759031],[30.508533,59.759161],[30.508347,59.759232],[30.508101,59.75927],[30.507979,59.759343],[30.507901,59.759416],[30.507996,59.759553],[30.508215,59.75966],[30.508567,59.759637],[30.50886,59.759532],[30.509073,59.759421],[30.509306,59.759374],[30.509513,59.75937],[30.509671,59.75942],[30.509741,59.759476],[30.509717,59.759556],[30.509608,59.759631],[30.509247,59.759782],[30.509185,59.759856],[30.50922,59.759913],[30.509366,59.759999],[30.509804,59.760038],[30.509847,59.760125],[30.509718,59.760332],[30.509546,59.760427],[30.509023,59.760505],[30.508896,59.760571],[30.508858,59.76066],[30.508898,59.76075],[30.508925,59.7609],[30.508868,59.76102],[30.508724,59.76127],[30.508644,59.761355],[30.508322,59.761554],[30.506996,59.762564],[30.506817,59.762716],[30.506764,59.762842],[30.50682,59.762949],[30.506922,59.76301],[30.507882,59.763429],[30.508077,59.763543],[30.508413,59.763823],[30.509326,59.765035],[30.509465,59.765164],[30.509562,59.765282],[30.509559,59.765369],[30.50953,59.765464],[30.50953,59.765602],[30.509565,59.765736],[30.509513,59.765862],[30.50941,59.765957],[30.509453,59.766022],[30.509685,59.766173],[30.509741,59.76624],[30.509815,59.766353],[30.510067,59.766528],[30.510206,59.766589],[30.51027,59.766693],[30.510238,59.766739],[30.509776,59.766856],[30.509647,59.766921],[30.509655,59.766988],[30.509782,59.767017],[30.510021,59.767021],[30.510313,59.767034],[30.510453,59.767066],[30.51057,59.767108],[30.5106,59.767262],[30.510656,59.767502],[30.510569,59.767699],[30.510526,59.768335],[30.510533,59.768434],[30.51061,59.768575],[30.510675,59.768661],[30.510761,59.768704],[30.510898,59.768698],[30.51102,59.768641],[30.511216,59.768537],[30.511367,59.768383],[30.51176,59.76813],[30.511888,59.768105],[30.511981,59.768109],[30.512089,59.768137],[30.512154,59.768184],[30.512146,59.768328],[30.512149,59.768428],[30.512207,59.768607],[30.512409,59.76893],[30.512681,59.769159],[30.513071,59.769449],[30.51314,59.769579],[30.513097,59.769747],[30.512908,59.769877],[30.512763,59.769998],[30.512033,59.770153],[30.511784,59.770171],[30.511552,59.770123],[30.511381,59.769993],[30.51114,59.769993],[30.510857,59.770054],[30.510677,59.770123],[30.510582,59.770227],[30.510557,59.7704],[30.510711,59.770559],[30.5109,59.770659],[30.510988,59.77076],[30.511226,59.770949],[30.511578,59.771143],[30.512033,59.771342],[30.512342,59.771454],[30.51278,59.771601],[30.513106,59.771692],[30.513441,59.771735],[30.513861,59.771757],[30.514067,59.771791],[30.514205,59.771848],[30.514233,59.771903],[30.514211,59.771973],[30.513775,59.77288],[30.513612,59.772988],[30.513389,59.773035],[30.51308,59.773061],[30.512866,59.773126],[30.512737,59.773217],[30.51278,59.773329],[30.513209,59.773692],[30.513269,59.773761],[30.51314,59.773831],[30.513003,59.773831],[30.51266,59.773632],[30.512488,59.773567],[30.512308,59.773589],[30.512136,59.773697],[30.511938,59.77387],[30.511887,59.774073],[30.51193,59.774228],[30.512084,59.774405],[30.51223,59.774535],[30.512479,59.774669],[30.512745,59.774734],[30.513011,59.77482],[30.513295,59.775006],[30.513458,59.775261],[30.513509,59.775459],[30.513423,59.775615],[30.513303,59.775745],[30.513114,59.775831],[30.512943,59.775917],[30.512866,59.776],[30.512866,59.776099],[30.512968,59.776293],[30.51296,59.776362],[30.512977,59.776479],[30.513089,59.776541],[30.514114,59.776379],[30.514505,59.776302],[30.514609,59.776156],[30.514452,59.776093],[30.514299,59.776017],[30.514411,59.775956],[30.514681,59.775912],[30.515063,59.775831],[30.515372,59.77574],[30.515801,59.77571],[30.516222,59.77565],[30.516462,59.77565],[30.516683,59.775718],[30.516993,59.775941],[30.517229,59.776062],[30.517388,59.776129],[30.517693,59.776239],[30.517969,59.776314],[30.518227,59.77634],[30.518446,59.776395],[30.518669,59.776535],[30.518752,59.776649],[30.51875,59.776776],[30.518733,59.776893],[30.51857,59.776997],[30.51827,59.777083],[30.517892,59.777161],[30.516562,59.777303],[30.516321,59.777347],[30.51615,59.777403],[30.516047,59.777502],[30.516004,59.777727],[30.516017,59.77787],[30.516088,59.777925],[30.516265,59.778021],[30.516477,59.778109],[30.516721,59.778216],[30.516919,59.778323],[30.517077,59.778415],[30.517151,59.778555],[30.517297,59.778694],[30.51748,59.778799],[30.517643,59.778886],[30.517763,59.778923],[30.51802,59.779026],[30.518252,59.779108],[30.518492,59.779203],[30.518698,59.779316],[30.51881,59.779406],[30.518964,59.779467],[30.519136,59.779497],[30.519248,59.779424],[30.519205,59.779281],[30.519239,59.779182],[30.519385,59.779151],[30.519531,59.779182],[30.519909,59.779454],[30.520183,59.779627],[30.520458,59.779743],[30.52075,59.779843],[30.521127,59.779912],[30.521299,59.77999],[30.521359,59.780132],[30.521325,59.780288],[30.521316,59.780456],[30.521411,59.780612],[30.521582,59.780789],[30.521528,59.781044],[30.521403,59.781151],[30.521153,59.781292],[30.520965,59.781306],[30.520807,59.781265],[30.520605,59.781132],[30.520381,59.780661],[30.520213,59.780501],[30.5199,59.780409],[30.519188,59.780472],[30.519073,59.780508],[30.519023,59.780572],[30.519026,59.780697],[30.519108,59.780916],[30.519154,59.781019],[30.519245,59.781088],[30.519657,59.781212],[30.519814,59.781275],[30.519926,59.781359],[30.51994,59.781417],[30.51958,59.782137],[30.519459,59.782374],[30.519332,59.78259],[30.519159,59.782681],[30.518406,59.782664],[30.518206,59.782623],[30.517938,59.782375],[30.517785,59.782129],[30.517572,59.782048],[30.517399,59.782019],[30.51689,59.782002],[30.516613,59.78198],[30.516504,59.781998],[30.516402,59.78204],[30.516316,59.782098],[30.516256,59.782232],[30.516273,59.782509],[30.516431,59.7828],[30.51667,59.783138],[30.516845,59.783435],[30.516996,59.783715],[30.509531,59.785237],[30.508844,59.784373],[30.501763,59.788487],[30.498029,59.788801],[30.497729,59.789319],[30.494965,59.790141],[30.494507,59.790249],[30.492606,59.790749],[30.4898,59.792056],[30.489596,59.791867],[30.488815,59.791734],[30.488015,59.791969],[30.487778,59.791748],[30.487027,59.791977],[30.486887,59.792204],[30.485514,59.792606],[30.484227,59.791537],[30.479168,59.792957],[30.468632,59.797718],[30.457854,59.80269],[30.456251,59.809471],[30.461605,59.81084],[30.460308,59.811534],[30.454665,59.814986],[30.449519,59.818269],[30.453591,59.818269],[30.448634,59.824515],[30.444224,59.824224],[30.442986,59.82751],[30.442188,59.827804],[30.438755,59.827567],[30.441121,59.829374],[30.439597,59.829112],[30.438192,59.828001],[30.436979,59.827252],[30.435059,59.826222],[30.432066,59.825127],[30.427822,59.824118],[30.425761,59.823626],[30.414903,59.821139],[30.40622,59.819215],[30.402823,59.818658],[30.399411,59.818275],[30.389862,59.817315],[30.382696,59.816571],[30.381655,59.818728],[30.379416,59.818311],[30.376887,59.817835],[30.37414,59.817215],[30.371598,59.816956],[30.370396,59.816936],[30.370221,59.816927],[30.36898,59.816881],[30.368487,59.816899],[30.368442,59.816819],[30.368515,59.816732],[30.368428,59.81667],[30.366683,59.816592],[30.366366,59.816557],[30.366244,59.816512],[30.366182,59.81643],[30.366185,59.816326],[30.36617,59.816254],[30.36611,59.816184],[30.365928,59.816055],[30.365807,59.816013],[30.365597,59.815962],[30.364954,59.815857],[30.364438,59.815716],[30.363999,59.815618],[30.36329,59.815653],[30.363226,59.815636],[30.363188,59.815591],[30.363079,59.814822],[30.363047,59.814768],[30.36298,59.814718],[30.362823,59.814659],[30.362692,59.814643],[30.362493,59.814628],[30.360447,59.81471],[30.359833,59.814708],[30.357966,59.814675],[30.357146,59.814725],[30.35688,59.814711],[30.356487,59.814596],[30.356195,59.81454],[30.353316,59.814185],[30.350893,59.813324],[30.349877,59.812953],[30.349038,59.812888],[30.348269,59.812924],[30.348079,59.812887],[30.347708,59.812744],[30.347308,59.812607],[30.346871,59.812452],[30.34642,59.812275],[30.345753,59.812065],[30.34564,59.812001],[30.345457,59.811878],[30.345219,59.811741],[30.344661,59.811424],[30.344104,59.811067],[30.343925,59.810923],[30.343707,59.810771],[30.343376,59.810499],[30.342447,59.809722],[30.342261,59.809597],[30.342258,59.809536],[30.342202,59.80946],[30.342091,59.809376],[30.341929,59.809315],[30.341829,59.809222],[30.341515,59.809033],[30.341463,59.809007],[30.341233,59.808964],[30.340991,59.80891],[30.340624,59.808821],[30.340501,59.808799],[30.340386,59.808754],[30.339865,59.80865],[30.338669,59.80844],[30.338432,59.8084],[30.338065,59.808335],[30.337888,59.808262],[30.337737,59.808168],[30.337705,59.808103],[30.337614,59.808037],[30.337502,59.807927],[30.337359,59.807745],[30.337313,59.807644],[30.337276,59.80752],[30.337248,59.807462],[30.337165,59.807371],[30.336901,59.807184],[30.336757,59.807085],[30.336663,59.80704],[30.336424,59.806876],[30.336231,59.80676],[30.335998,59.806699],[30.335674,59.806633],[30.335528,59.806578],[30.33539,59.806534],[30.33522,59.806502],[30.335103,59.806474],[30.333977,59.806185],[30.333833,59.806129],[30.333382,59.805926],[30.333217,59.805834],[30.330681,59.804788],[30.330432,59.804714],[30.330255,59.804711],[30.32916,59.804699],[30.326077,59.804655],[30.325916,59.804651],[30.325968,59.803812],[30.325716,59.80381],[30.325336,59.803772],[30.325202,59.803756],[30.325049,59.803749],[30.324659,59.803743],[30.32473,59.802506],[30.324927,59.799674],[30.325056,59.79751],[30.326601,59.79622],[30.327234,59.795572],[30.327749,59.794444],[30.327749,59.793597],[30.32718,59.792415],[30.325421,59.79106],[30.325356,59.789773],[30.325464,59.789672],[30.326147,59.776937],[30.326451,59.776395],[30.327325,59.775641],[30.329287,59.774541],[30.330023,59.774153],[30.330796,59.773646],[30.331826,59.772965],[30.332456,59.772148],[30.333155,59.771847],[30.333289,59.771533],[30.335548,59.771984],[30.336021,59.771461],[30.335873,59.770795],[30.337034,59.770569],[30.336894,59.770294],[30.33878,59.76992],[30.338368,59.768356],[30.335079,59.768653],[30.334545,59.767293],[30.334283,59.767326],[30.332328,59.762446],[30.33069,59.762568],[30.330237,59.763047],[30.329627,59.763185],[30.326998,59.760535],[30.318007,59.751775],[30.310477,59.744588],[30.310248,59.744369],[30.309998,59.744148],[30.300721,59.747387],[30.293907,59.740857],[30.293434,59.740168],[30.292069,59.736829],[30.292071,59.736146],[30.279505,59.739329],[30.282657,59.731503],[30.283521,59.729194],[30.278955,59.72684],[30.272537,59.723326],[30.272452,59.722274],[30.272444,59.72209],[30.271925,59.721566],[30.271564,59.721331],[30.271495,59.721318],[30.271399,59.72132],[30.270809,59.720616],[30.275742,59.719503],[30.27736,59.719137],[30.279507,59.718645],[30.275871,59.715208],[30.269524,59.716656],[30.268242,59.714077],[30.267905,59.713963],[30.267488,59.713699],[30.261907,59.708511],[30.260013,59.707541],[30.258613,59.704853],[30.255618,59.701724],[30.251844,59.700904],[30.247736,59.699361],[30.239904,59.695471],[30.240447,59.695312],[30.240504,59.694909],[30.235596,59.692666],[30.237057,59.691771],[30.231665,59.689385],[30.236456,59.686029],[30.232861,59.685054],[30.228988,59.684139],[30.226497,59.681469],[30.21995,59.674307],[30.219183,59.673613],[30.218223,59.673069],[30.222571,59.67064],[30.227528,59.669431],[30.229589,59.673398],[30.23528,59.672876],[30.235838,59.672438],[30.242398,59.670791],[30.248788,59.671229],[30.249575,59.671021],[30.24641,59.668913],[30.243931,59.667085],[30.242513,59.665906],[30.239889,59.662989],[30.23863,59.661783],[30.241666,59.66128],[30.241819,59.661493],[30.242803,59.661301],[30.242743,59.661056],[30.243053,59.661026],[30.243042,59.660995],[30.243041,59.660882],[30.242389,59.660675],[30.242373,59.658795],[30.242453,59.658148],[30.243978,59.655108],[30.244074,59.654216],[30.245358,59.653388],[30.24668,59.65329],[30.247802,59.653203],[30.24917,59.653021],[30.252513,59.652755],[30.253156,59.652642],[30.261542,59.648656],[30.261343,59.648567],[30.255307,59.645579],[30.2525,59.644396],[30.242922,59.63863],[30.245935,59.637136],[30.246277,59.637105],[30.246618,59.637272],[30.254172,59.633783],[30.258702,59.636249],[30.30053,59.658346],[30.300974,59.658625],[30.303024,59.659685],[30.303429,59.659763],[30.306506,59.662096],[30.326497,59.656861],[30.326695,59.656849],[30.345312,59.657844],[30.34544,59.657762],[30.345568,59.657891],[30.351774,59.658233],[30.351859,59.655548],[30.357705,59.653187],[30.366637,59.650368],[30.366653,59.650243],[30.366668,59.650194],[30.378937,59.649755],[30.383424,59.648195],[30.383596,59.648287],[30.385533,59.647604],[30.386776,59.648011],[30.38702,59.648044],[30.38779,59.648318],[30.387811,59.648364],[30.39156,59.649669],[30.393477,59.650841],[30.39377,59.650858],[30.395214,59.651633],[30.39641,59.651635],[30.39971,59.650789],[30.400088,59.65063],[30.401021,59.651339],[30.402063,59.650929],[30.40298,59.650624],[30.403312,59.650913],[30.4046,59.650502],[30.406269,59.649624],[30.40693,59.649504],[30.407584,59.649321],[30.40856,59.648917],[30.412053,59.650554],[30.41354,59.651928],[30.414106,59.651789],[30.414711,59.652398],[30.414703,59.652444],[30.41474,59.652519],[30.414839,59.652611],[30.414963,59.65262],[30.415,59.652702],[30.415094,59.652733],[30.415222,59.652737],[30.415435,59.652975],[30.415521,59.653004],[30.415741,59.653012],[30.415797,59.653059],[30.415834,59.653142],[30.416024,59.653296],[30.416064,59.653402],[30.416121,59.653435],[30.416235,59.653446],[30.416328,59.653483],[30.41648,59.653606],[30.416598,59.653677],[30.416927,59.653801],[30.416972,59.653877],[30.417149,59.653911],[30.417173,59.653936],[30.417145,59.653971],[30.417166,59.654005],[30.417284,59.654016],[30.417303,59.654032],[30.417205,59.654058],[30.417141,59.65405],[30.417105,59.654063],[30.41709,59.654093],[30.417133,59.654201],[30.417319,59.654265],[30.417326,59.654296],[30.417233,59.654331],[30.417244,59.654355],[30.417363,59.654383],[30.417428,59.654424],[30.417441,59.654456],[30.417491,59.654472],[30.417696,59.654448],[30.418066,59.654572],[30.418167,59.654661],[30.418168,59.654711],[30.418432,59.654855],[30.418698,59.655051],[30.419093,59.655205],[30.419387,59.655251],[30.419623,59.655324],[30.41963,59.655354],[30.419576,59.655386],[30.419598,59.655441],[30.419721,59.655547],[30.419881,59.655572],[30.419936,59.655595],[30.41996,59.655634],[30.420076,59.655715],[30.420141,59.655724],[30.420233,59.655789],[30.420358,59.655832],[30.420597,59.65597],[30.420666,59.656033],[30.420848,59.656115],[30.420915,59.656182],[30.420937,59.656257],[30.420988,59.656295],[30.421202,59.656333],[30.421349,59.656397],[30.421486,59.656492],[30.421655,59.65657],[30.421714,59.656619],[30.421717,59.656747],[30.42176,59.656804],[30.42188,59.65687],[30.421797,59.656969],[30.42199,59.656982],[30.422052,59.657173],[30.422116,59.657305],[30.422154,59.657436],[30.422269,59.657593],[30.422293,59.657705],[30.422411,59.657905],[30.42243,59.658167],[30.422457,59.65823],[30.422532,59.658271],[30.422572,59.658325],[30.422497,59.658577],[30.42257,59.658673],[30.422553,59.658769],[30.422564,59.658799],[30.422645,59.658811],[30.422671,59.65885],[30.422674,59.658951],[30.422706,59.658985],[30.422838,59.659011],[30.422878,59.65905],[30.42283,59.65916],[30.42291,59.659297],[30.422875,59.659397],[30.422897,59.659528],[30.422996,59.65957],[30.423134,59.659851],[30.423113,59.659926],[30.423119,59.659959],[30.423428,59.660049],[30.423498,59.660107],[30.423507,59.660141],[30.423477,59.660191],[30.423541,59.660258],[30.423518,59.660324],[30.423551,59.660364],[30.423862,59.660437],[30.4239,59.660528],[30.423856,59.660589],[30.423862,59.660614],[30.423931,59.660629],[30.423967,59.660653],[30.42401,59.66077],[30.424094,59.660829],[30.424101,59.660863],[30.424071,59.660904],[30.42408,59.660949],[30.424176,59.661036],[30.424206,59.66111],[30.424171,59.661128],[30.424098,59.661101],[30.424043,59.661105],[30.424029,59.66113],[30.424077,59.661184],[30.424077,59.661238],[30.423991,59.661378],[30.424031,59.661429],[30.423983,59.661506],[30.42397,59.661631],[30.423932,59.661741],[30.423983,59.661869],[30.424093,59.661933],[30.424042,59.662001],[30.424106,59.66209],[30.423937,59.662275],[30.42379,59.662356],[30.423793,59.66239],[30.423854,59.662406],[30.423945,59.662382],[30.424037,59.662388],[30.424109,59.662419],[30.424072,59.662486],[30.424034,59.662525],[30.429793,59.662709],[30.436387,59.662978],[30.438182,59.661602],[30.439543,59.660567],[30.444361,59.656887],[30.446922,59.654967],[30.455894,59.64824],[30.467567,59.639442],[30.467779,59.639485],[30.46807,59.639536],[30.468372,59.639581],[30.468728,59.639601],[30.469042,59.639623],[30.469297,59.639671],[30.469351,59.639733],[30.469363,59.639838],[30.469392,59.63997],[30.469475,59.640057],[30.469594,59.640138],[30.469719,59.640186],[30.469908,59.640177],[30.47014,59.640105],[30.470365,59.639991],[30.470549,59.639886],[30.47065,59.639784],[30.470721,59.639751],[30.471006,59.639844],[30.471225,59.639871],[30.47151,59.639979],[30.471765,59.640045],[30.472032,59.640069],[30.472305,59.64006],[30.472489,59.640042],[30.472572,59.639982],[30.472702,59.639898],[30.472856,59.639826],[30.473022,59.639715],[30.473218,59.639671],[30.47342,59.639646],[30.473681,59.639587],[30.473859,59.639536],[30.474078,59.6395],[30.474351,59.639497],[30.47463,59.639566],[30.474885,59.639632],[30.475146,59.639623],[30.475437,59.639575],[30.475822,59.639449],[30.476149,59.639305],[30.476332,59.639194],[30.476415,59.639068],[30.476546,59.638927],[30.476742,59.638801],[30.477809,59.638309],[30.478053,59.638228],[30.478313,59.638099],[30.47877,59.63789],[30.478942,59.637806],[30.479067,59.63771],[30.479209,59.637644],[30.479363,59.637596],[30.479684,59.63756],[30.479939,59.637563],[30.480324,59.637584],[30.480698,59.637629],[30.48125,59.637713],[30.481653,59.6378],[30.481932,59.637899],[30.482216,59.638025],[30.482472,59.638177],[30.482572,59.638243],[30.48259,59.638423],[30.48262,59.63857],[30.482626,59.638711],[30.482661,59.638915],[30.482733,59.639056],[30.482851,59.639161],[30.483017,59.63923],[30.483237,59.639275],[30.483504,59.639302],[30.483759,59.639311],[30.484037,59.63929],[30.484524,59.639239],[30.484797,59.639233],[30.484981,59.639263],[30.485085,59.639292],[30.485235,59.639377],[30.485406,59.639516],[30.485604,59.639786],[30.485708,59.639991],[30.485757,59.640143],[30.485755,59.640278],[30.485644,59.640468],[30.485505,59.64066],[30.485464,59.640763],[30.485456,59.640887],[30.48552,59.641007],[30.485758,59.641238],[30.485903,59.641326],[30.486425,59.641526],[30.486803,59.641615],[30.487777,59.641761],[30.488202,59.641813],[30.4884,59.641782],[30.488568,59.64179],[30.488678,59.641822],[30.488738,59.641864],[30.48874,59.641948],[30.488697,59.64206],[30.488456,59.642493],[30.488383,59.642733],[30.488434,59.642845],[30.488382,59.642914],[30.488379,59.642988],[30.488501,59.643072],[30.488622,59.643171],[30.488787,59.643257],[30.48902,59.643322],[30.489401,59.643319],[30.489732,59.643242],[30.489965,59.643248],[30.49063,59.643364],[30.490869,59.64343],[30.491165,59.643486],[30.491327,59.643543],[30.491488,59.643649],[30.491645,59.6437],[30.492027,59.643771],[30.492283,59.643856],[30.492836,59.643954],[30.493126,59.644031],[30.49389,59.64419],[30.494042,59.644233],[30.494256,59.64427],[30.494784,59.644336],[30.495017,59.644387],[30.495387,59.644392],[30.495655,59.644434],[30.495854,59.644433],[30.496107,59.644473],[30.496354,59.644474],[30.496571,59.644462],[30.496708,59.644431],[30.49686,59.644411],[30.49758,59.644411],[30.497881,59.644442],[30.498374,59.644524],[30.49866,59.64462],[30.499363,59.644784],[30.499684,59.644896],[30.499882,59.644948],[30.500239,59.645088],[30.500903,59.645218],[30.501089,59.645271],[30.501379,59.645336],[30.501645,59.645421],[30.502033,59.645567],[30.50222,59.645606],[30.502572,59.64571],[30.50315,59.645825],[30.503515,59.645883],[30.503892,59.64592],[30.504077,59.645952],[30.504292,59.645969],[30.504535,59.64601],[30.50517,59.646132],[30.505278,59.646094],[30.505458,59.646116],[30.505522,59.646129],[30.505545,59.646173],[30.502521,59.65858],[30.502417,59.664802],[30.502087,59.668703],[30.494721,59.669435],[30.4947,59.670095],[30.489435,59.669999],[30.490651,59.673949],[30.488842,59.673928],[30.489558,59.676196],[30.488836,59.677189],[30.488836,59.677882],[30.488632,59.677904],[30.488423,59.677691],[30.487458,59.677822],[30.487377,59.678047],[30.487248,59.678063],[30.487157,59.678272],[30.486433,59.678207],[30.484096,59.677655],[30.483621,59.678237],[30.480784,59.677676],[30.478856,59.677596],[30.477876,59.677909],[30.477076,59.680742],[30.48508,59.684399],[30.485469,59.684584],[30.485837,59.684771],[30.48599,59.684885],[30.486,59.684981],[30.486165,59.685271],[30.486308,59.685517],[30.486437,59.685752],[30.486646,59.686115],[30.487034,59.686796],[30.48772,59.688045],[30.487892,59.688349],[30.488012,59.688576],[30.488229,59.688546],[30.488309,59.688539],[30.49783,59.689208],[30.498714,59.689271],[30.511648,59.69026],[30.51211,59.690308],[30.520541,59.690944],[30.522299,59.692174],[30.523275,59.693578],[30.522861,59.695139],[30.522267,59.695889],[30.520245,59.69613],[30.51959,59.696498],[30.520089,59.697216],[30.520811,59.697761],[30.522099,59.699466],[30.524129,59.700086],[30.524433,59.700381],[30.524453,59.702382],[30.524806,59.702818],[30.524459,59.704346],[30.530159,59.704531],[30.53078,59.707336],[30.564421,59.70502],[30.576345,59.730006]]]}},{"type":"Feature","properties":{"id":"frunzensky","name":"Фрунзенский район","osm_relation_id":369514},"geometry":{"type":"Polygon","coordinates":[[[30.332576,59.913051],[30.332845,59.912849],[30.332942,59.912821],[30.333083,59.912717],[30.333819,59.912116],[30.334115,59.911863],[30.334313,59.911656],[30.334449,59.911477],[30.334664,59.911165],[30.334959,59.910685],[30.335054,59.910516],[30.335109,59.910394],[30.335152,59.910244],[30.33517,59.9101],[30.335182,59.909935],[30.335187,59.909655],[30.335202,59.909478],[30.335223,59.909341],[30.335259,59.909156],[30.335296,59.909016],[30.335377,59.908757],[30.335445,59.90859],[30.335519,59.908425],[30.335649,59.908181],[30.335742,59.908023],[30.335878,59.907824],[30.336068,59.907559],[30.336264,59.907319],[30.336421,59.907151],[30.337132,59.906438],[30.337396,59.906162],[30.337596,59.905923],[30.337715,59.905763],[30.337855,59.905537],[30.338054,59.905197],[30.338117,59.905042],[30.33813,59.904985],[30.338457,59.905023],[30.338915,59.904152],[30.34017,59.901801],[30.341318,59.899477],[30.342831,59.896512],[30.344044,59.894047],[30.345095,59.891981],[30.345374,59.891087],[30.345309,59.88951],[30.344945,59.888014],[30.344902,59.887088],[30.344998,59.886232],[30.34591,59.884521],[30.34753,59.881651],[30.348496,59.880262],[30.353756,59.874773],[30.35456,59.873535],[30.355247,59.87221],[30.357318,59.867966],[30.358916,59.864837],[30.360612,59.861406],[30.362392,59.857839],[30.363083,59.856497],[30.36402,59.85476],[30.36434,59.854048],[30.364528,59.853686],[30.365257,59.852128],[30.366244,59.850167],[30.368304,59.845915],[30.369538,59.84356],[30.371297,59.840024],[30.372907,59.835695],[30.373754,59.833711],[30.374945,59.831371],[30.376243,59.828745],[30.377617,59.826319],[30.378334,59.825232],[30.380106,59.822031],[30.381655,59.818728],[30.382696,59.816571],[30.389862,59.817315],[30.399411,59.818275],[30.402823,59.818658],[30.40622,59.819215],[30.414903,59.821139],[30.425761,59.823626],[30.427822,59.824118],[30.432066,59.825127],[30.435059,59.826222],[30.436979,59.827252],[30.438192,59.828001],[30.439597,59.829112],[30.441121,59.829374],[30.443334,59.829798],[30.443495,59.829817],[30.455736,59.831962],[30.475198,59.833989],[30.466987,59.839628],[30.458748,59.845277],[30.455872,59.847556],[30.450068,59.851544],[30.447783,59.853126],[30.445737,59.854378],[30.435648,59.860116],[30.429447,59.864113],[30.426872,59.865793],[30.425474,59.866588],[30.424728,59.867016],[30.424678,59.867046],[30.421004,59.869149],[30.416326,59.872439],[30.413075,59.874803],[30.408837,59.877953],[30.405155,59.881001],[30.404857,59.881237],[30.400608,59.884553],[30.398538,59.886213],[30.394889,59.889042],[30.394273,59.889743],[30.393087,59.891691],[30.392358,59.891965],[30.392497,59.892153],[30.392948,59.892003],[30.39195,59.893095],[30.391124,59.893757],[30.390523,59.893563],[30.390201,59.893795],[30.390845,59.893999],[30.387058,59.89676],[30.381961,59.90036],[30.379698,59.902049],[30.377595,59.903496],[30.374776,59.905391],[30.370138,59.908091],[30.366533,59.910094],[30.36598,59.910443],[30.365396,59.91088],[30.365009,59.911242],[30.36429,59.911993],[30.363499,59.913371],[30.36331,59.913866],[30.362968,59.913853],[30.361785,59.913926],[30.359536,59.914035],[30.358172,59.914146],[30.355546,59.914503],[30.351775,59.915088],[30.350632,59.915237],[30.346016,59.915983],[30.345196,59.916079],[30.344336,59.916113],[30.342475,59.916066],[30.341871,59.916048],[30.341446,59.916018],[30.341044,59.915965],[30.340674,59.915892],[30.340081,59.915743],[30.339412,59.915524],[30.333521,59.913375],[30.332576,59.913051]]]}},{"type":"Feature","properties":{"id":"tsentralny","name":"Центральный район","osm_relation_id":1114902},"geometry":{"type":"Polygon","coordinates":[[[30.308274,59.941057],[30.309079,59.940512],[30.309989,59.939888],[30.312431,59.93829],[30.31252,59.938218],[30.312589,59.938145],[30.312629,59.938061],[30.312638,59.938009],[30.312633,59.937948],[30.312416,59.937458],[30.312391,59.937388],[30.310219,59.936553],[30.310129,59.936465],[30.311861,59.935301],[30.315311,59.932995],[30.317818,59.93131],[30.318983,59.93053],[30.321871,59.928599],[30.32703,59.925151],[30.330019,59.926299],[30.330453,59.926074],[30.335786,59.923537],[30.335231,59.923316],[30.336107,59.922464],[30.336162,59.922425],[30.336472,59.92216],[30.337112,59.921625],[30.337194,59.921555],[30.337795,59.921061],[30.33809,59.920826],[30.338484,59.920501],[30.338945,59.920126],[30.339253,59.919874],[30.339379,59.91978],[30.339669,59.919586],[30.340808,59.91865],[30.341301,59.918235],[30.341783,59.917828],[30.342678,59.917093],[30.342499,59.917029],[30.342176,59.916905],[30.341704,59.916729],[30.340973,59.916467],[30.340712,59.916359],[30.340133,59.916108],[30.340081,59.915743],[30.340674,59.915892],[30.341044,59.915965],[30.341446,59.916018],[30.341871,59.916048],[30.342475,59.916066],[30.344336,59.916113],[30.345196,59.916079],[30.346016,59.915983],[30.350632,59.915237],[30.351775,59.915088],[30.355546,59.914503],[30.358172,59.914146],[30.359536,59.914035],[30.361785,59.913926],[30.362968,59.913853],[30.36331,59.913866],[30.369511,59.91412],[30.372667,59.914515],[30.382569,59.916222],[30.385931,59.916828],[30.388307,59.917315],[30.392019,59.91797],[30.39367,59.918382],[30.402207,59.920632],[30.397196,59.924188],[30.395906,59.925739],[30.394281,59.929024],[30.39633,59.933129],[30.400202,59.938963],[30.401278,59.942948],[30.403018,59.948631],[30.403043,59.949907],[30.403122,59.951],[30.40306,59.951812],[30.402911,59.952384],[30.402648,59.953071],[30.402164,59.953837],[30.399584,59.955444],[30.396723,59.95657],[30.394708,59.95709],[30.392687,59.957526],[30.390952,59.957795],[30.38896,59.95792],[30.387568,59.957883],[30.386177,59.957741],[30.384794,59.957492],[30.383674,59.957174],[30.376435,59.953802],[30.371124,59.952269],[30.363556,59.951168],[30.359596,59.951405],[30.349532,59.951999],[30.345415,59.952243],[30.334888,59.950155],[30.330417,59.949301],[30.329137,59.949032],[30.327602,59.94862],[30.316861,59.945656],[30.30989,59.941638],[30.308274,59.941057]]]}}]}
